id,po_number,supplier,origin_port,dest_fc_id,status,planned_arrival,created_at
1,PO-1000,Klang Valley Timber,MYPKG,4,RECEIVED,2026-01-25,2025-11-29 00:00:00+00
2,PO-1001,Saigon Furniture Co.,VNSGN,3,RECEIVED,2026-09-20,2026-07-17 00:00:00+00
3,PO-1002,Klang Valley Timber,MYPKG,2,RECEIVED,2026-01-16,2025-11-13 00:00:00+00
4,PO-1003,Saigon Furniture Co.,VNSGN,1,RECEIVED,2026-06-10,2026-04-15 00:00:00+00
5,PO-1004,Saigon Furniture Co.,VNSGN,1,RECEIVED,2026-04-22,2026-02-28 00:00:00+00
6,PO-1005,Saigon Furniture Co.,VNSGN,2,RECEIVED,2026-05-21,2026-03-25 00:00:00+00
7,PO-1006,Shanghai Home Works,CNSHA,3,RECEIVED,2026-01-27,2025-11-26 00:00:00+00
8,PO-1007,Shanghai Home Works,CNSHA,2,RECEIVED,2026-08-28,2026-07-02 00:00:00+00
9,PO-1008,Klang Valley Timber,MYPKG,4,RECEIVED,2026-07-04,2026-05-05 00:00:00+00
10,PO-1009,Klang Valley Timber,MYPKG,3,RECEIVED,2026-05-21,2026-03-13 00:00:00+00
11,PO-1010,Klang Valley Timber,MYPKG,3,RECEIVED,2026-07-25,2026-05-15 00:00:00+00
12,PO-1011,Shanghai Home Works,CNSHA,4,RECEIVED,2025-11-25,2025-10-02 00:00:00+00
13,PO-1012,Klang Valley Timber,MYPKG,4,RECEIVED,2026-08-01,2026-06-03 00:00:00+00
14,PO-1013,Shanghai Home Works,CNSHA,2,RECEIVED,2026-04-18,2026-02-23 00:00:00+00
15,PO-1014,Shanghai Home Works,CNSHA,4,RECEIVED,2026-01-25,2025-12-05 00:00:00+00
16,PO-1015,Klang Valley Timber,MYPKG,1,RECEIVED,2026-05-18,2026-03-20 00:00:00+00
17,PO-1016,Shanghai Home Works,CNSHA,3,RECEIVED,2025-12-30,2025-10-26 00:00:00+00
18,PO-1017,Saigon Furniture Co.,VNSGN,3,RECEIVED,2026-03-13,2026-01-03 00:00:00+00
19,PO-1018,Shanghai Home Works,CNSHA,3,RECEIVED,2026-09-09,2026-07-06 00:00:00+00
20,PO-1019,Saigon Furniture Co.,VNSGN,2,RECEIVED,2026-03-26,2026-01-24 00:00:00+00
21,PO-1020,Klang Valley Timber,MYPKG,4,RECEIVED,2026-08-06,2026-06-10 00:00:00+00
22,PO-1021,Shanghai Home Works,CNSHA,3,RECEIVED,2026-07-19,2026-05-16 00:00:00+00
23,PO-1022,Klang Valley Timber,MYPKG,2,RECEIVED,2025-11-12,2025-09-12 00:00:00+00
24,PO-1023,Saigon Furniture Co.,VNSGN,1,RECEIVED,2026-07-23,2026-05-31 00:00:00+00
25,PO-1024,Saigon Furniture Co.,VNSGN,2,RECEIVED,2026-01-06,2025-11-09 00:00:00+00
26,PO-1025,Klang Valley Timber,MYPKG,1,RECEIVED,2026-09-22,2026-07-29 00:00:00+00
27,PO-1026,Saigon Furniture Co.,VNSGN,4,RECEIVED,2026-07-02,2026-05-08 00:00:00+00
28,PO-1027,Shanghai Home Works,CNSHA,4,RECEIVED,2026-03-27,2026-02-05 00:00:00+00
29,PO-1028,Shanghai Home Works,CNSHA,4,RECEIVED,2026-06-25,2026-05-02 00:00:00+00
30,PO-1029,Saigon Furniture Co.,VNSGN,4,RECEIVED,2025-12-22,2025-10-25 00:00:00+00
31,PO-1030,Klang Valley Timber,MYPKG,3,RECEIVED,2026-01-25,2025-11-15 00:00:00+00
32,PO-1031,Klang Valley Timber,MYPKG,2,RECEIVED,2026-04-23,2026-02-20 00:00:00+00
33,PO-1032,Shanghai Home Works,CNSHA,2,RECEIVED,2026-07-15,2026-05-21 00:00:00+00
34,PO-1033,Saigon Furniture Co.,VNSGN,2,RECEIVED,2026-04-18,2026-02-16 00:00:00+00
35,PO-1034,Klang Valley Timber,MYPKG,3,RECEIVED,2026-02-08,2025-12-03 00:00:00+00
36,PO-1035,Klang Valley Timber,MYPKG,4,RECEIVED,2026-03-15,2026-01-17 00:00:00+00
37,PO-1036,Shanghai Home Works,CNSHA,4,RECEIVED,2026-01-28,2025-12-09 00:00:00+00
38,PO-1037,Klang Valley Timber,MYPKG,2,RECEIVED,2026-05-03,2026-03-03 00:00:00+00
39,PO-1038,Klang Valley Timber,MYPKG,2,RECEIVED,2026-01-30,2025-11-30 00:00:00+00
40,PO-1039,Saigon Furniture Co.,VNSGN,2,RECEIVED,2026-09-06,2026-07-08 00:00:00+00
41,PO-1040,Saigon Furniture Co.,VNSGN,4,RECEIVED,2026-07-26,2026-05-29 00:00:00+00
42,PO-1041,Klang Valley Timber,MYPKG,3,RECEIVED,2026-02-25,2025-12-16 00:00:00+00
43,PO-1042,Shanghai Home Works,CNSHA,2,RECEIVED,2025-11-13,2025-09-18 00:00:00+00
44,PO-1043,Klang Valley Timber,MYPKG,3,RECEIVED,2026-08-02,2026-05-27 00:00:00+00
45,PO-1044,Shanghai Home Works,CNSHA,4,RECEIVED,2025-11-27,2025-10-08 00:00:00+00
46,PO-1045,Klang Valley Timber,MYPKG,3,RECEIVED,2026-02-27,2025-12-21 00:00:00+00
47,PO-1046,Klang Valley Timber,MYPKG,3,RECEIVED,2026-01-29,2025-11-19 00:00:00+00
48,PO-1047,Klang Valley Timber,MYPKG,3,RECEIVED,2026-04-29,2026-02-19 00:00:00+00
49,PO-1048,Shanghai Home Works,CNSHA,2,RECEIVED,2025-11-27,2025-10-05 00:00:00+00
50,PO-1049,Shanghai Home Works,CNSHA,3,RECEIVED,2025-11-27,2025-09-26 00:00:00+00
51,PO-1050,Shanghai Home Works,CNSHA,4,RECEIVED,2025-11-29,2025-10-09 00:00:00+00
52,PO-1051,Saigon Furniture Co.,VNSGN,1,RECEIVED,2026-04-04,2026-02-07 00:00:00+00
53,PO-1052,Klang Valley Timber,MYPKG,1,RECEIVED,2026-02-01,2025-12-06 00:00:00+00
54,PO-1053,Shanghai Home Works,CNSHA,3,RECEIVED,2026-03-09,2026-01-03 00:00:00+00
55,PO-1054,Saigon Furniture Co.,VNSGN,3,RECEIVED,2026-04-29,2026-02-21 00:00:00+00
56,PO-1055,Klang Valley Timber,MYPKG,3,RECEIVED,2026-08-31,2026-06-25 00:00:00+00
57,PO-1056,Shanghai Home Works,CNSHA,4,RECEIVED,2026-07-24,2026-05-31 00:00:00+00
58,PO-1057,Klang Valley Timber,MYPKG,1,RECEIVED,2025-10-26,2025-08-30 00:00:00+00
59,PO-1058,Saigon Furniture Co.,VNSGN,2,RECEIVED,2026-08-07,2026-06-11 00:00:00+00
60,PO-1059,Shanghai Home Works,CNSHA,3,RECEIVED,2026-04-01,2026-01-29 00:00:00+00
61,PO-1060,Klang Valley Timber,MYPKG,3,RECEIVED,2026-05-03,2026-02-23 00:00:00+00
62,PO-1061,Klang Valley Timber,MYPKG,4,RECEIVED,2026-05-26,2026-03-29 00:00:00+00
63,PO-1062,Saigon Furniture Co.,VNSGN,1,RECEIVED,2026-04-08,2026-02-12 00:00:00+00
64,PO-1063,Klang Valley Timber,MYPKG,1,RECEIVED,2026-02-10,2025-12-13 00:00:00+00
65,PO-1064,Shanghai Home Works,CNSHA,2,RECEIVED,2025-11-30,2025-10-05 00:00:00+00
66,PO-1065,Klang Valley Timber,MYPKG,3,RECEIVED,2026-06-12,2026-04-02 00:00:00+00
67,PO-1066,Saigon Furniture Co.,VNSGN,4,RECEIVED,2026-08-16,2026-06-22 00:00:00+00
68,PO-1067,Shanghai Home Works,CNSHA,4,RECEIVED,2025-10-14,2025-08-21 00:00:00+00
69,PO-1068,Saigon Furniture Co.,VNSGN,4,RECEIVED,2026-02-25,2025-12-31 00:00:00+00
70,PO-1069,Shanghai Home Works,CNSHA,4,RECEIVED,2026-07-26,2026-06-04 00:00:00+00
71,PO-1070,Shanghai Home Works,CNSHA,3,RECEIVED,2026-09-19,2026-07-15 00:00:00+00
72,PO-1071,Saigon Furniture Co.,VNSGN,3,RECEIVED,2025-12-20,2025-10-14 00:00:00+00
73,PO-1072,Klang Valley Timber,MYPKG,2,RECEIVED,2026-09-18,2026-07-20 00:00:00+00
74,PO-1073,Saigon Furniture Co.,VNSGN,2,RECEIVED,2026-07-16,2026-05-16 00:00:00+00
75,PO-1074,Shanghai Home Works,CNSHA,2,RECEIVED,2025-12-25,2025-11-01 00:00:00+00
76,PO-1075,Shanghai Home Works,CNSHA,4,RECEIVED,2026-02-19,2025-12-29 00:00:00+00
77,PO-1076,Saigon Furniture Co.,VNSGN,3,RECEIVED,2026-01-21,2025-11-14 00:00:00+00
78,PO-1077,Saigon Furniture Co.,VNSGN,4,RECEIVED,2026-08-14,2026-06-18 00:00:00+00
79,PO-1078,Shanghai Home Works,CNSHA,4,RECEIVED,2025-11-27,2025-10-08 00:00:00+00
80,PO-1079,Klang Valley Timber,MYPKG,2,RECEIVED,2026-02-17,2025-12-15 00:00:00+00
81,PO-1080,Saigon Furniture Co.,VNSGN,3,RECEIVED,2026-09-17,2026-07-13 00:00:00+00
82,PO-1081,Saigon Furniture Co.,VNSGN,1,RECEIVED,2026-09-11,2026-07-18 00:00:00+00
83,PO-1082,Klang Valley Timber,MYPKG,3,RECEIVED,2026-08-12,2026-06-06 00:00:00+00
84,PO-1083,Shanghai Home Works,CNSHA,3,RECEIVED,2025-12-10,2025-10-09 00:00:00+00
85,PO-1084,Klang Valley Timber,MYPKG,3,RECEIVED,2026-08-04,2026-05-29 00:00:00+00
86,PO-1085,Klang Valley Timber,MYPKG,1,RECEIVED,2026-09-03,2026-07-07 00:00:00+00
87,PO-1086,Klang Valley Timber,MYPKG,1,RECEIVED,2026-04-02,2026-02-06 00:00:00+00
88,PO-1087,Shanghai Home Works,CNSHA,2,RECEIVED,2026-02-16,2025-12-25 00:00:00+00
89,PO-1088,Shanghai Home Works,CNSHA,1,RECEIVED,2026-01-15,2025-11-25 00:00:00+00
90,PO-1089,Klang Valley Timber,MYPKG,2,RECEIVED,2026-04-04,2026-01-31 00:00:00+00
91,PO-1090,Shanghai Home Works,CNSHA,2,RECEIVED,2026-01-24,2025-11-30 00:00:00+00
92,PO-1091,Klang Valley Timber,MYPKG,2,RECEIVED,2026-05-23,2026-03-20 00:00:00+00
93,PO-1092,Saigon Furniture Co.,VNSGN,3,RECEIVED,2026-09-24,2026-07-20 00:00:00+00
94,PO-1093,Saigon Furniture Co.,VNSGN,3,RECEIVED,2026-03-22,2026-01-14 00:00:00+00
95,PO-1094,Shanghai Home Works,CNSHA,3,RECEIVED,2026-02-15,2025-12-11 00:00:00+00
96,PO-1095,Shanghai Home Works,CNSHA,4,RECEIVED,2026-08-12,2026-06-23 00:00:00+00
97,PO-1096,Klang Valley Timber,MYPKG,3,RECEIVED,2026-07-12,2026-05-06 00:00:00+00
98,PO-1097,Shanghai Home Works,CNSHA,4,RECEIVED,2025-11-27,2025-10-08 00:00:00+00
99,PO-1098,Shanghai Home Works,CNSHA,3,RECEIVED,2026-02-04,2025-12-02 00:00:00+00
100,PO-1099,Klang Valley Timber,MYPKG,3,RECEIVED,2026-05-10,2026-03-01 00:00:00+00
101,PO-1100,Shanghai Home Works,CNSHA,3,RECEIVED,2025-12-27,2025-10-26 00:00:00+00
102,PO-1101,Saigon Furniture Co.,VNSGN,4,RECEIVED,2026-07-13,2026-05-20 00:00:00+00
103,PO-1102,Klang Valley Timber,MYPKG,2,RECEIVED,2026-09-12,2026-07-14 00:00:00+00
104,PO-1103,Saigon Furniture Co.,VNSGN,2,RECEIVED,2025-11-14,2025-09-14 00:00:00+00
105,PO-1104,Klang Valley Timber,MYPKG,1,RECEIVED,2025-11-13,2025-09-16 00:00:00+00
106,PO-1105,Klang Valley Timber,MYPKG,1,RECEIVED,2026-08-12,2026-06-16 00:00:00+00
107,PO-1106,Saigon Furniture Co.,VNSGN,3,RECEIVED,2026-08-20,2026-06-16 00:00:00+00
108,PO-1107,Shanghai Home Works,CNSHA,2,RECEIVED,2026-06-12,2026-04-17 00:00:00+00
109,PO-1108,Saigon Furniture Co.,VNSGN,2,RECEIVED,2026-04-20,2026-02-21 00:00:00+00
110,PO-1109,Saigon Furniture Co.,VNSGN,3,RECEIVED,2026-04-26,2026-02-20 00:00:00+00
111,PO-1110,Klang Valley Timber,MYPKG,3,RECEIVED,2026-08-09,2026-06-03 00:00:00+00
112,PO-1111,Saigon Furniture Co.,VNSGN,4,RECEIVED,2025-10-12,2025-08-15 00:00:00+00
113,PO-1112,Saigon Furniture Co.,VNSGN,4,RECEIVED,2026-03-30,2026-01-31 00:00:00+00
114,PO-1113,Klang Valley Timber,MYPKG,4,RECEIVED,2026-08-17,2026-06-20 00:00:00+00
115,PO-1114,Shanghai Home Works,CNSHA,3,RECEIVED,2026-01-09,2025-11-06 00:00:00+00
116,PO-1115,Shanghai Home Works,CNSHA,4,RECEIVED,2025-10-19,2025-08-26 00:00:00+00
117,PO-1116,Saigon Furniture Co.,VNSGN,4,RECEIVED,2026-08-02,2026-06-06 00:00:00+00
118,PO-1117,Klang Valley Timber,MYPKG,1,RECEIVED,2025-12-07,2025-10-10 00:00:00+00
119,PO-1118,Saigon Furniture Co.,VNSGN,1,RECEIVED,2026-04-21,2026-02-23 00:00:00+00
120,PO-1119,Saigon Furniture Co.,VNSGN,4,RECEIVED,2026-05-01,2026-03-07 00:00:00+00
121,PO-1120,Shanghai Home Works,CNSHA,3,RECEIVED,2026-07-11,2026-05-10 00:00:00+00
122,PO-1121,Klang Valley Timber,MYPKG,2,RECEIVED,2026-03-07,2026-01-06 00:00:00+00
123,PO-1122,Shanghai Home Works,CNSHA,1,RECEIVED,2025-10-10,2025-08-19 00:00:00+00
124,PO-1123,Klang Valley Timber,MYPKG,1,RECEIVED,2025-11-12,2025-09-15 00:00:00+00
125,PO-1124,Klang Valley Timber,MYPKG,4,RECEIVED,2026-08-28,2026-06-30 00:00:00+00
126,PO-1125,Shanghai Home Works,CNSHA,2,RECEIVED,2026-03-12,2026-01-17 00:00:00+00
127,PO-1126,Shanghai Home Works,CNSHA,1,RECEIVED,2026-03-12,2026-01-20 00:00:00+00
128,PO-1127,Saigon Furniture Co.,VNSGN,3,RECEIVED,2026-05-02,2026-02-23 00:00:00+00
129,PO-1128,Saigon Furniture Co.,VNSGN,1,RECEIVED,2026-05-27,2026-04-04 00:00:00+00
130,PO-1129,Shanghai Home Works,CNSHA,1,RECEIVED,2026-07-02,2026-05-12 00:00:00+00
131,PO-1130,Klang Valley Timber,MYPKG,2,RECEIVED,2026-09-03,2026-07-02 00:00:00+00
132,PO-1131,Shanghai Home Works,CNSHA,1,RECEIVED,2026-04-03,2026-02-13 00:00:00+00
133,PO-1132,Klang Valley Timber,MYPKG,3,RECEIVED,2026-01-10,2025-11-01 00:00:00+00
134,PO-1133,Shanghai Home Works,CNSHA,3,RECEIVED,2026-08-03,2026-06-02 00:00:00+00
135,PO-1134,Shanghai Home Works,CNSHA,1,RECEIVED,2026-03-27,2026-02-03 00:00:00+00
136,PO-1135,Klang Valley Timber,MYPKG,2,RECEIVED,2026-09-05,2026-07-07 00:00:00+00
137,PO-1136,Saigon Furniture Co.,VNSGN,2,RECEIVED,2025-11-05,2025-09-05 00:00:00+00
138,PO-1137,Saigon Furniture Co.,VNSGN,2,RECEIVED,2026-01-23,2025-11-24 00:00:00+00
139,PO-1138,Klang Valley Timber,MYPKG,1,RECEIVED,2026-06-01,2026-04-04 00:00:00+00
140,PO-1139,Saigon Furniture Co.,VNSGN,1,RECEIVED,2025-12-04,2025-10-08 00:00:00+00
141,PO-1140,Saigon Furniture Co.,VNSGN,3,RECEIVED,2026-01-24,2025-11-20 00:00:00+00
142,PO-1141,Shanghai Home Works,CNSHA,3,RECEIVED,2026-02-25,2025-12-21 00:00:00+00
143,PO-1142,Klang Valley Timber,MYPKG,2,RECEIVED,2026-04-16,2026-02-15 00:00:00+00
144,PO-1143,Klang Valley Timber,MYPKG,3,RECEIVED,2025-12-03,2025-09-23 00:00:00+00
145,PO-1144,Saigon Furniture Co.,VNSGN,1,RECEIVED,2025-11-25,2025-10-03 00:00:00+00
146,PO-1145,Shanghai Home Works,CNSHA,2,RECEIVED,2026-01-18,2025-11-23 00:00:00+00
147,PO-1146,Shanghai Home Works,CNSHA,1,RECEIVED,2026-05-19,2026-03-31 00:00:00+00
148,PO-1147,Klang Valley Timber,MYPKG,4,RECEIVED,2026-08-04,2026-06-07 00:00:00+00
149,PO-1148,Klang Valley Timber,MYPKG,4,RECEIVED,2025-12-25,2025-10-27 00:00:00+00
150,PO-1149,Shanghai Home Works,CNSHA,4,RECEIVED,2026-05-03,2026-03-14 00:00:00+00
151,PO-1150,Saigon Furniture Co.,VNSGN,1,RECEIVED,2026-01-06,2025-11-12 00:00:00+00
152,PO-1151,Klang Valley Timber,MYPKG,4,RECEIVED,2025-12-15,2025-10-19 00:00:00+00
153,PO-1152,Shanghai Home Works,CNSHA,3,RECEIVED,2026-01-10,2025-11-05 00:00:00+00
154,PO-1153,Shanghai Home Works,CNSHA,2,RECEIVED,2026-07-13,2026-05-20 00:00:00+00
155,PO-1154,Saigon Furniture Co.,VNSGN,1,RECEIVED,2026-03-22,2026-01-27 00:00:00+00
156,PO-1155,Shanghai Home Works,CNSHA,2,RECEIVED,2026-01-01,2025-11-06 00:00:00+00
157,PO-1156,Shanghai Home Works,CNSHA,1,RECEIVED,2026-01-31,2025-12-14 00:00:00+00
158,PO-1157,Shanghai Home Works,CNSHA,4,RECEIVED,2026-03-18,2026-01-27 00:00:00+00
159,PO-1158,Klang Valley Timber,MYPKG,4,RECEIVED,2026-03-08,2026-01-06 00:00:00+00
160,PO-1159,Klang Valley Timber,MYPKG,4,RECEIVED,2026-01-05,2025-11-06 00:00:00+00
161,PO-1160,Saigon Furniture Co.,VNSGN,4,RECEIVED,2026-08-16,2026-06-22 00:00:00+00
162,PO-1161,Saigon Furniture Co.,VNSGN,1,RECEIVED,2025-12-11,2025-10-16 00:00:00+00
163,PO-1162,Shanghai Home Works,CNSHA,2,RECEIVED,2026-05-21,2026-03-25 00:00:00+00
164,PO-1163,Klang Valley Timber,MYPKG,4,RECEIVED,2026-06-11,2026-04-13 00:00:00+00
165,PO-1164,Shanghai Home Works,CNSHA,2,RECEIVED,2026-08-30,2026-07-05 00:00:00+00
166,PO-1165,Saigon Furniture Co.,VNSGN,2,RECEIVED,2025-12-12,2025-10-16 00:00:00+00
167,PO-1166,Saigon Furniture Co.,VNSGN,3,RECEIVED,2026-08-11,2026-06-07 00:00:00+00
168,PO-1167,Shanghai Home Works,CNSHA,3,RECEIVED,2026-01-03,2025-11-01 00:00:00+00
169,PO-1168,Saigon Furniture Co.,VNSGN,1,RECEIVED,2026-09-01,2026-07-07 00:00:00+00
170,PO-1169,Shanghai Home Works,CNSHA,3,RECEIVED,2026-07-08,2026-05-04 00:00:00+00
171,PO-1170,Klang Valley Timber,MYPKG,2,RECEIVED,2026-05-22,2026-03-19 00:00:00+00
172,PO-1171,Saigon Furniture Co.,VNSGN,2,RECEIVED,2026-09-19,2026-07-22 00:00:00+00
173,PO-1172,Klang Valley Timber,MYPKG,2,RECEIVED,2025-11-23,2025-09-21 00:00:00+00
174,PO-1173,Klang Valley Timber,MYPKG,3,RECEIVED,2025-12-27,2025-10-19 00:00:00+00
175,PO-1174,Shanghai Home Works,CNSHA,3,RECEIVED,2026-07-07,2026-05-06 00:00:00+00
176,PO-1175,Shanghai Home Works,CNSHA,4,RECEIVED,2026-06-25,2026-05-06 00:00:00+00
177,PO-1176,Klang Valley Timber,MYPKG,1,RECEIVED,2025-12-29,2025-11-01 00:00:00+00
178,PO-1177,Saigon Furniture Co.,VNSGN,4,RECEIVED,2026-03-19,2026-01-20 00:00:00+00
179,PO-1178,Saigon Furniture Co.,VNSGN,1,RECEIVED,2026-04-20,2026-02-23 00:00:00+00
180,PO-1179,Saigon Furniture Co.,VNSGN,1,RECEIVED,2026-08-24,2026-06-28 00:00:00+00
181,PO-1180,Saigon Furniture Co.,VNSGN,2,RECEIVED,2026-07-30,2026-05-31 00:00:00+00
182,PO-1181,Saigon Furniture Co.,VNSGN,4,RECEIVED,2026-03-22,2026-01-27 00:00:00+00
183,PO-1182,Shanghai Home Works,CNSHA,4,RECEIVED,2026-07-30,2026-06-06 00:00:00+00
184,PO-1183,Shanghai Home Works,CNSHA,2,RECEIVED,2026-02-25,2026-01-01 00:00:00+00
185,PO-1184,Shanghai Home Works,CNSHA,2,RECEIVED,2026-08-29,2026-07-07 00:00:00+00
186,PO-1185,Shanghai Home Works,CNSHA,3,RECEIVED,2026-08-01,2026-05-28 00:00:00+00
187,PO-1186,Shanghai Home Works,CNSHA,1,RECEIVED,2026-03-25,2026-02-05 00:00:00+00
188,PO-1187,Klang Valley Timber,MYPKG,3,RECEIVED,2026-09-12,2026-07-03 00:00:00+00
189,PO-1188,Shanghai Home Works,CNSHA,4,RECEIVED,2026-01-24,2025-12-04 00:00:00+00
190,PO-1189,Saigon Furniture Co.,VNSGN,2,RECEIVED,2026-07-06,2026-05-07 00:00:00+00
191,PO-1190,Shanghai Home Works,CNSHA,2,RECEIVED,2026-08-18,2026-06-23 00:00:00+00
192,PO-1191,Klang Valley Timber,MYPKG,3,RECEIVED,2025-12-29,2025-10-22 00:00:00+00
193,PO-1192,Klang Valley Timber,MYPKG,2,RECEIVED,2026-09-07,2026-07-08 00:00:00+00
194,PO-1193,Klang Valley Timber,MYPKG,1,RECEIVED,2026-04-16,2026-02-18 00:00:00+00
195,PO-1194,Klang Valley Timber,MYPKG,3,RECEIVED,2026-05-10,2026-03-01 00:00:00+00
196,PO-1195,Shanghai Home Works,CNSHA,4,RECEIVED,2025-11-01,2025-09-10 00:00:00+00
197,PO-1196,Klang Valley Timber,MYPKG,2,RECEIVED,2025-10-30,2025-08-28 00:00:00+00
198,PO-1197,Saigon Furniture Co.,VNSGN,3,RECEIVED,2025-10-24,2025-08-16 00:00:00+00
199,PO-1198,Saigon Furniture Co.,VNSGN,4,RECEIVED,2026-05-18,2026-03-22 00:00:00+00
200,PO-1199,Saigon Furniture Co.,VNSGN,4,RECEIVED,2025-11-01,2025-09-07 00:00:00+00
201,PO-1200,Shanghai Home Works,CNSHA,4,RECEIVED,2026-07-13,2026-05-23 00:00:00+00
202,PO-1201,Shanghai Home Works,CNSHA,2,RECEIVED,2025-12-10,2025-10-18 00:00:00+00
203,PO-1202,Shanghai Home Works,CNSHA,3,RECEIVED,2026-03-15,2026-01-12 00:00:00+00
204,PO-1203,Saigon Furniture Co.,VNSGN,3,RECEIVED,2026-01-28,2025-11-24 00:00:00+00
205,PO-1204,Shanghai Home Works,CNSHA,3,RECEIVED,2026-02-26,2025-12-25 00:00:00+00
206,PO-1205,Klang Valley Timber,MYPKG,1,RECEIVED,2025-10-16,2025-08-20 00:00:00+00
207,PO-1206,Klang Valley Timber,MYPKG,3,RECEIVED,2026-09-12,2026-07-06 00:00:00+00
208,PO-1207,Klang Valley Timber,MYPKG,4,RECEIVED,2026-08-17,2026-06-17 00:00:00+00
209,PO-1208,Saigon Furniture Co.,VNSGN,3,RECEIVED,2026-01-13,2025-11-07 00:00:00+00
210,PO-1209,Saigon Furniture Co.,VNSGN,2,RECEIVED,2026-02-22,2025-12-25 00:00:00+00
211,PO-1210,Klang Valley Timber,MYPKG,3,RECEIVED,2026-08-22,2026-06-12 00:00:00+00
212,PO-1211,Shanghai Home Works,CNSHA,1,RECEIVED,2026-04-14,2026-02-25 00:00:00+00
213,PO-1212,Klang Valley Timber,MYPKG,4,RECEIVED,2025-11-22,2025-09-26 00:00:00+00
214,PO-1213,Shanghai Home Works,CNSHA,2,RECEIVED,2026-02-07,2025-12-16 00:00:00+00
215,PO-1214,Shanghai Home Works,CNSHA,1,RECEIVED,2026-05-06,2026-03-15 00:00:00+00
216,PO-1215,Saigon Furniture Co.,VNSGN,1,RECEIVED,2026-06-08,2026-04-15 00:00:00+00
217,PO-1216,Shanghai Home Works,CNSHA,2,RECEIVED,2026-04-27,2026-03-04 00:00:00+00
218,PO-1217,Saigon Furniture Co.,VNSGN,3,RECEIVED,2026-02-15,2025-12-08 00:00:00+00
219,PO-1218,Saigon Furniture Co.,VNSGN,4,RECEIVED,2026-01-08,2025-11-12 00:00:00+00
220,PO-1219,Klang Valley Timber,MYPKG,1,RECEIVED,2025-10-18,2025-08-23 00:00:00+00
221,PO-1220,Klang Valley Timber,MYPKG,3,RECEIVED,2026-03-05,2025-12-27 00:00:00+00
222,PO-1221,Shanghai Home Works,CNSHA,1,RECEIVED,2026-03-27,2026-02-04 00:00:00+00
223,PO-1222,Klang Valley Timber,MYPKG,3,RECEIVED,2026-03-26,2026-01-16 00:00:00+00
224,PO-1223,Klang Valley Timber,MYPKG,1,RECEIVED,2026-01-07,2025-11-13 00:00:00+00
225,PO-1224,Shanghai Home Works,CNSHA,1,RECEIVED,2025-12-24,2025-11-05 00:00:00+00
226,PO-1225,Saigon Furniture Co.,VNSGN,2,RECEIVED,2026-06-13,2026-04-14 00:00:00+00
227,PO-1226,Klang Valley Timber,MYPKG,2,RECEIVED,2026-02-06,2025-12-07 00:00:00+00
228,PO-1227,Saigon Furniture Co.,VNSGN,1,RECEIVED,2026-08-28,2026-07-05 00:00:00+00
229,PO-1228,Klang Valley Timber,MYPKG,2,RECEIVED,2026-04-02,2026-01-29 00:00:00+00
230,PO-1229,Shanghai Home Works,CNSHA,2,RECEIVED,2025-10-21,2025-08-28 00:00:00+00
231,PO-1230,Saigon Furniture Co.,VNSGN,3,RECEIVED,2026-02-17,2025-12-14 00:00:00+00
232,PO-1231,Shanghai Home Works,CNSHA,4,RECEIVED,2025-11-16,2025-09-26 00:00:00+00
233,PO-1232,Saigon Furniture Co.,VNSGN,4,RECEIVED,2026-03-11,2026-01-16 00:00:00+00
234,PO-1233,Shanghai Home Works,CNSHA,3,RECEIVED,2026-06-30,2026-04-26 00:00:00+00
235,PO-1234,Klang Valley Timber,MYPKG,1,RECEIVED,2026-03-10,2026-01-14 00:00:00+00
236,PO-1235,Shanghai Home Works,CNSHA,2,RECEIVED,2026-07-03,2026-05-10 00:00:00+00
237,PO-1236,Shanghai Home Works,CNSHA,4,RECEIVED,2025-12-24,2025-10-31 00:00:00+00
238,PO-1237,Shanghai Home Works,CNSHA,4,RECEIVED,2026-06-19,2026-04-27 00:00:00+00
239,PO-1238,Saigon Furniture Co.,VNSGN,3,RECEIVED,2025-12-31,2025-10-26 00:00:00+00
240,PO-1239,Shanghai Home Works,CNSHA,2,RECEIVED,2026-07-26,2026-05-30 00:00:00+00
241,PO-1240,Klang Valley Timber,MYPKG,4,RECEIVED,2025-12-19,2025-10-20 00:00:00+00
242,PO-1241,Shanghai Home Works,CNSHA,2,RECEIVED,2026-07-02,2026-05-06 00:00:00+00
243,PO-1242,Shanghai Home Works,CNSHA,4,RECEIVED,2026-01-26,2025-12-06 00:00:00+00
244,PO-1243,Shanghai Home Works,CNSHA,1,RECEIVED,2026-04-07,2026-02-14 00:00:00+00
245,PO-1244,Klang Valley Timber,MYPKG,2,RECEIVED,2025-11-12,2025-09-12 00:00:00+00
246,PO-1245,Shanghai Home Works,CNSHA,3,RECEIVED,2026-06-29,2026-04-27 00:00:00+00
247,PO-1246,Shanghai Home Works,CNSHA,1,RECEIVED,2026-04-24,2026-03-06 00:00:00+00
248,PO-1247,Klang Valley Timber,MYPKG,4,RECEIVED,2026-08-01,2026-06-04 00:00:00+00
249,PO-1248,Shanghai Home Works,CNSHA,2,RECEIVED,2026-01-23,2025-11-28 00:00:00+00
250,PO-1249,Shanghai Home Works,CNSHA,2,RECEIVED,2026-06-27,2026-05-04 00:00:00+00
251,PO-1250,Saigon Furniture Co.,VNSGN,2,RECEIVED,2025-11-16,2025-09-16 00:00:00+00
252,PO-1251,Shanghai Home Works,CNSHA,4,RECEIVED,2025-12-11,2025-10-18 00:00:00+00
253,PO-1252,Klang Valley Timber,MYPKG,4,RECEIVED,2026-07-21,2026-05-24 00:00:00+00
254,PO-1253,Klang Valley Timber,MYPKG,2,RECEIVED,2026-09-16,2026-07-16 00:00:00+00
255,PO-1254,Shanghai Home Works,CNSHA,1,RECEIVED,2026-09-10,2026-07-21 00:00:00+00
256,PO-1255,Klang Valley Timber,MYPKG,3,RECEIVED,2026-05-18,2026-03-08 00:00:00+00
257,PO-1256,Saigon Furniture Co.,VNSGN,3,RECEIVED,2026-06-19,2026-04-14 00:00:00+00
258,PO-1257,Saigon Furniture Co.,VNSGN,2,RECEIVED,2025-10-21,2025-08-25 00:00:00+00
259,PO-1258,Klang Valley Timber,MYPKG,1,RECEIVED,2025-10-28,2025-09-02 00:00:00+00
260,PO-1259,Shanghai Home Works,CNSHA,3,RECEIVED,2025-12-14,2025-10-10 00:00:00+00
261,PO-1260,Klang Valley Timber,MYPKG,4,RECEIVED,2026-04-19,2026-02-19 00:00:00+00
262,PO-1261,Saigon Furniture Co.,VNSGN,2,RECEIVED,2026-06-16,2026-04-17 00:00:00+00
263,PO-1262,Klang Valley Timber,MYPKG,3,RECEIVED,2026-04-12,2026-02-03 00:00:00+00
264,PO-1263,Saigon Furniture Co.,VNSGN,3,RECEIVED,2026-08-08,2026-06-02 00:00:00+00
265,PO-1264,Saigon Furniture Co.,VNSGN,1,RECEIVED,2026-07-28,2026-06-01 00:00:00+00
266,PO-1265,Shanghai Home Works,CNSHA,4,RECEIVED,2025-10-11,2025-08-19 00:00:00+00
267,PO-1266,Klang Valley Timber,MYPKG,4,RECEIVED,2026-03-24,2026-01-24 00:00:00+00
268,PO-1267,Saigon Furniture Co.,VNSGN,1,RECEIVED,2026-05-14,2026-03-22 00:00:00+00
269,PO-1268,Shanghai Home Works,CNSHA,1,RECEIVED,2025-12-11,2025-10-23 00:00:00+00
270,PO-1269,Klang Valley Timber,MYPKG,2,RECEIVED,2026-08-23,2026-06-23 00:00:00+00
271,PO-1270,Shanghai Home Works,CNSHA,4,RECEIVED,2026-04-29,2026-03-10 00:00:00+00
272,PO-1271,Shanghai Home Works,CNSHA,2,RECEIVED,2026-07-16,2026-05-22 00:00:00+00
273,PO-1272,Shanghai Home Works,CNSHA,1,RECEIVED,2025-12-12,2025-10-25 00:00:00+00
274,PO-1273,Shanghai Home Works,CNSHA,3,RECEIVED,2026-08-08,2026-06-06 00:00:00+00
275,PO-1274,Shanghai Home Works,CNSHA,1,RECEIVED,2026-02-12,2025-12-25 00:00:00+00
276,PO-1275,Saigon Furniture Co.,VNSGN,3,RECEIVED,2025-11-30,2025-09-26 00:00:00+00
277,PO-1276,Shanghai Home Works,CNSHA,2,RECEIVED,2025-10-28,2025-09-03 00:00:00+00
278,PO-1277,Shanghai Home Works,CNSHA,4,RECEIVED,2026-09-13,2026-07-22 00:00:00+00
279,PO-1278,Shanghai Home Works,CNSHA,2,RECEIVED,2026-04-23,2026-02-26 00:00:00+00
280,PO-1279,Saigon Furniture Co.,VNSGN,3,RECEIVED,2026-09-11,2026-07-05 00:00:00+00
281,PO-1280,Shanghai Home Works,CNSHA,2,RECEIVED,2026-01-23,2025-11-30 00:00:00+00
282,PO-1281,Klang Valley Timber,MYPKG,2,RECEIVED,2026-03-29,2026-01-27 00:00:00+00
283,PO-1282,Shanghai Home Works,CNSHA,2,RECEIVED,2026-08-04,2026-06-10 00:00:00+00
284,PO-1283,Klang Valley Timber,MYPKG,1,RECEIVED,2026-08-22,2026-06-27 00:00:00+00
285,PO-1284,Saigon Furniture Co.,VNSGN,1,RECEIVED,2026-09-08,2026-07-13 00:00:00+00
286,PO-1285,Klang Valley Timber,MYPKG,1,RECEIVED,2026-09-09,2026-07-15 00:00:00+00
287,PO-1286,Shanghai Home Works,CNSHA,4,RECEIVED,2026-01-20,2025-12-01 00:00:00+00
288,PO-1287,Shanghai Home Works,CNSHA,1,RECEIVED,2026-05-23,2026-04-03 00:00:00+00
289,PO-1288,Saigon Furniture Co.,VNSGN,1,RECEIVED,2026-05-02,2026-03-09 00:00:00+00
290,PO-1289,Saigon Furniture Co.,VNSGN,1,RECEIVED,2026-06-01,2026-04-05 00:00:00+00
291,PO-1290,Shanghai Home Works,CNSHA,3,RECEIVED,2025-11-11,2025-09-09 00:00:00+00
292,PO-1291,Shanghai Home Works,CNSHA,2,RECEIVED,2026-04-14,2026-02-19 00:00:00+00
293,PO-1292,Shanghai Home Works,CNSHA,3,RECEIVED,2026-01-18,2025-11-16 00:00:00+00
294,PO-1293,Shanghai Home Works,CNSHA,1,RECEIVED,2026-05-19,2026-03-30 00:00:00+00
295,PO-1294,Saigon Furniture Co.,VNSGN,4,RECEIVED,2026-09-02,2026-07-09 00:00:00+00
296,PO-1295,Saigon Furniture Co.,VNSGN,1,RECEIVED,2025-10-23,2025-08-30 00:00:00+00
297,PO-1296,Klang Valley Timber,MYPKG,3,RECEIVED,2025-12-12,2025-10-05 00:00:00+00
298,PO-1297,Shanghai Home Works,CNSHA,2,RECEIVED,2026-05-06,2026-03-10 00:00:00+00
299,PO-1298,Shanghai Home Works,CNSHA,3,RECEIVED,2026-09-24,2026-07-24 00:00:00+00
300,PO-1299,Shanghai Home Works,CNSHA,1,RECEIVED,2025-10-29,2025-09-07 00:00:00+00
301,PO-1300,Klang Valley Timber,MYPKG,2,RECEIVED,2026-05-10,2026-03-10 00:00:00+00
302,PO-1301,Shanghai Home Works,CNSHA,3,RECEIVED,2026-07-10,2026-05-06 00:00:00+00
303,PO-1302,Shanghai Home Works,CNSHA,1,RECEIVED,2026-02-03,2025-12-17 00:00:00+00
304,PO-1303,Shanghai Home Works,CNSHA,1,RECEIVED,2025-11-20,2025-10-02 00:00:00+00
305,PO-1304,Saigon Furniture Co.,VNSGN,1,RECEIVED,2026-01-20,2025-11-28 00:00:00+00
306,PO-1305,Saigon Furniture Co.,VNSGN,1,RECEIVED,2025-12-04,2025-10-11 00:00:00+00
307,PO-1306,Klang Valley Timber,MYPKG,2,RECEIVED,2026-07-18,2026-05-16 00:00:00+00
308,PO-1307,Shanghai Home Works,CNSHA,4,RECEIVED,2026-07-23,2026-06-01 00:00:00+00
309,PO-1308,Shanghai Home Works,CNSHA,1,RECEIVED,2026-01-21,2025-12-04 00:00:00+00
310,PO-1309,Klang Valley Timber,MYPKG,4,RECEIVED,2026-01-31,2025-12-03 00:00:00+00
311,PO-1310,Klang Valley Timber,MYPKG,4,RECEIVED,2026-07-03,2026-05-05 00:00:00+00
312,PO-1311,Shanghai Home Works,CNSHA,4,RECEIVED,2026-02-09,2025-12-20 00:00:00+00
313,PO-1312,Shanghai Home Works,CNSHA,4,RECEIVED,2026-07-10,2026-05-18 00:00:00+00
314,PO-1313,Klang Valley Timber,MYPKG,4,RECEIVED,2026-05-08,2026-03-10 00:00:00+00
315,PO-1314,Klang Valley Timber,MYPKG,2,RECEIVED,2026-04-15,2026-02-10 00:00:00+00
316,PO-1315,Klang Valley Timber,MYPKG,1,RECEIVED,2026-07-04,2026-05-06 00:00:00+00
317,PO-1316,Shanghai Home Works,CNSHA,1,RECEIVED,2026-08-21,2026-07-04 00:00:00+00
318,PO-1317,Saigon Furniture Co.,VNSGN,2,RECEIVED,2025-10-17,2025-08-19 00:00:00+00
319,PO-1318,Shanghai Home Works,CNSHA,1,RECEIVED,2026-07-09,2026-05-22 00:00:00+00
320,PO-1319,Saigon Furniture Co.,VNSGN,4,RECEIVED,2025-11-02,2025-09-08 00:00:00+00
321,PO-1320,Shanghai Home Works,CNSHA,1,RECEIVED,2026-07-13,2026-05-22 00:00:00+00
322,PO-1321,Klang Valley Timber,MYPKG,4,RECEIVED,2026-06-23,2026-04-24 00:00:00+00
323,PO-1322,Klang Valley Timber,MYPKG,3,RECEIVED,2026-09-30,2026-07-21 00:00:00+00
324,PO-1323,Saigon Furniture Co.,VNSGN,3,RECEIVED,2026-02-17,2025-12-10 00:00:00+00
325,PO-1324,Shanghai Home Works,CNSHA,4,RECEIVED,2026-05-14,2026-03-21 00:00:00+00
326,PO-1325,Shanghai Home Works,CNSHA,2,RECEIVED,2025-12-27,2025-11-01 00:00:00+00
327,PO-1326,Klang Valley Timber,MYPKG,1,RECEIVED,2026-03-26,2026-01-26 00:00:00+00
328,PO-1327,Saigon Furniture Co.,VNSGN,4,RECEIVED,2025-12-02,2025-10-05 00:00:00+00
329,PO-1328,Shanghai Home Works,CNSHA,3,RECEIVED,2025-12-22,2025-10-19 00:00:00+00
330,PO-1329,Shanghai Home Works,CNSHA,1,RECEIVED,2026-03-19,2026-01-27 00:00:00+00
331,PO-1330,Shanghai Home Works,CNSHA,1,RECEIVED,2025-11-23,2025-10-02 00:00:00+00
332,PO-1331,Saigon Furniture Co.,VNSGN,4,RECEIVED,2026-01-18,2025-11-21 00:00:00+00
333,PO-1332,Saigon Furniture Co.,VNSGN,2,RECEIVED,2026-04-06,2026-02-04 00:00:00+00
334,PO-1333,Shanghai Home Works,CNSHA,4,RECEIVED,2026-04-02,2026-02-08 00:00:00+00
335,PO-1334,Saigon Furniture Co.,VNSGN,1,RECEIVED,2025-11-07,2025-09-11 00:00:00+00
336,PO-1335,Klang Valley Timber,MYPKG,2,RECEIVED,2026-04-02,2026-01-28 00:00:00+00
337,PO-1336,Saigon Furniture Co.,VNSGN,1,RECEIVED,2026-01-11,2025-11-19 00:00:00+00
338,PO-1337,Saigon Furniture Co.,VNSGN,2,RECEIVED,2026-03-16,2026-01-15 00:00:00+00
339,PO-1338,Saigon Furniture Co.,VNSGN,4,RECEIVED,2026-07-11,2026-05-14 00:00:00+00
340,PO-1339,Shanghai Home Works,CNSHA,2,RECEIVED,2026-07-13,2026-05-20 00:00:00+00
341,PO-1340,Shanghai Home Works,CNSHA,1,RECEIVED,2026-09-09,2026-07-21 00:00:00+00
342,PO-1341,Klang Valley Timber,MYPKG,1,RECEIVED,2026-05-14,2026-03-19 00:00:00+00
343,PO-1342,Shanghai Home Works,CNSHA,3,RECEIVED,2026-03-08,2026-01-04 00:00:00+00
344,PO-1343,Klang Valley Timber,MYPKG,3,RECEIVED,2026-07-01,2026-04-24 00:00:00+00
345,PO-1344,Saigon Furniture Co.,VNSGN,2,RECEIVED,2025-12-23,2025-10-26 00:00:00+00
346,PO-1345,Saigon Furniture Co.,VNSGN,1,RECEIVED,2026-06-09,2026-04-16 00:00:00+00
347,PO-1346,Saigon Furniture Co.,VNSGN,4,RECEIVED,2026-05-12,2026-03-16 00:00:00+00
348,PO-1347,Saigon Furniture Co.,VNSGN,2,RECEIVED,2026-09-13,2026-07-17 00:00:00+00
349,PO-1348,Klang Valley Timber,MYPKG,3,RECEIVED,2026-04-12,2026-02-03 00:00:00+00
350,PO-1349,Klang Valley Timber,MYPKG,1,RECEIVED,2025-11-17,2025-09-21 00:00:00+00
351,PO-1350,Klang Valley Timber,MYPKG,3,RECEIVED,2026-09-02,2026-06-24 00:00:00+00
352,PO-1351,Shanghai Home Works,CNSHA,3,RECEIVED,2026-03-23,2026-01-19 00:00:00+00
353,PO-1352,Saigon Furniture Co.,VNSGN,2,RECEIVED,2025-12-01,2025-10-02 00:00:00+00
354,PO-1353,Shanghai Home Works,CNSHA,1,RECEIVED,2026-07-04,2026-05-13 00:00:00+00
355,PO-1354,Klang Valley Timber,MYPKG,2,RECEIVED,2026-02-02,2025-12-04 00:00:00+00
356,PO-1355,Saigon Furniture Co.,VNSGN,3,RECEIVED,2026-09-01,2026-06-27 00:00:00+00
357,PO-1356,Klang Valley Timber,MYPKG,3,RECEIVED,2025-12-12,2025-10-04 00:00:00+00
358,PO-1357,Shanghai Home Works,CNSHA,3,RECEIVED,2025-11-03,2025-08-31 00:00:00+00
359,PO-1358,Shanghai Home Works,CNSHA,4,RECEIVED,2026-08-25,2026-07-06 00:00:00+00
360,PO-1359,Shanghai Home Works,CNSHA,3,RECEIVED,2025-11-14,2025-09-09 00:00:00+00
361,PO-1360,Saigon Furniture Co.,VNSGN,2,RECEIVED,2026-02-22,2025-12-24 00:00:00+00
362,PO-1361,Klang Valley Timber,MYPKG,3,RECEIVED,2026-07-27,2026-05-20 00:00:00+00
363,PO-1362,Shanghai Home Works,CNSHA,1,RECEIVED,2026-07-16,2026-05-28 00:00:00+00
364,PO-1363,Klang Valley Timber,MYPKG,2,RECEIVED,2026-03-18,2026-01-17 00:00:00+00
365,PO-1364,Saigon Furniture Co.,VNSGN,3,RECEIVED,2025-12-02,2025-09-28 00:00:00+00
366,PO-1365,Shanghai Home Works,CNSHA,3,RECEIVED,2026-05-19,2026-03-17 00:00:00+00
367,PO-1366,Klang Valley Timber,MYPKG,3,RECEIVED,2026-02-16,2025-12-08 00:00:00+00
368,PO-1367,Shanghai Home Works,CNSHA,2,RECEIVED,2026-08-14,2026-06-20 00:00:00+00
369,PO-1368,Shanghai Home Works,CNSHA,4,RECEIVED,2026-01-29,2025-12-06 00:00:00+00
370,PO-1369,Shanghai Home Works,CNSHA,4,RECEIVED,2026-07-27,2026-06-04 00:00:00+00
371,PO-1370,Klang Valley Timber,MYPKG,2,RECEIVED,2026-04-16,2026-02-14 00:00:00+00
372,PO-1371,Saigon Furniture Co.,VNSGN,4,RECEIVED,2026-08-29,2026-07-05 00:00:00+00
373,PO-1372,Shanghai Home Works,CNSHA,4,RECEIVED,2026-02-13,2025-12-22 00:00:00+00
374,PO-1373,Saigon Furniture Co.,VNSGN,1,RECEIVED,2025-10-16,2025-08-22 00:00:00+00
375,PO-1374,Saigon Furniture Co.,VNSGN,1,RECEIVED,2026-02-03,2025-12-10 00:00:00+00
376,PO-1375,Shanghai Home Works,CNSHA,3,RECEIVED,2026-03-12,2026-01-07 00:00:00+00
377,PO-1376,Shanghai Home Works,CNSHA,2,RECEIVED,2026-04-13,2026-02-19 00:00:00+00
378,PO-1377,Saigon Furniture Co.,VNSGN,2,RECEIVED,2026-07-01,2026-05-03 00:00:00+00
379,PO-1378,Saigon Furniture Co.,VNSGN,4,RECEIVED,2026-02-18,2025-12-25 00:00:00+00
380,PO-1379,Saigon Furniture Co.,VNSGN,4,RECEIVED,2026-07-16,2026-05-23 00:00:00+00
381,PO-1380,Klang Valley Timber,MYPKG,3,RECEIVED,2025-11-15,2025-09-07 00:00:00+00
382,PO-1381,Shanghai Home Works,CNSHA,4,RECEIVED,2026-06-10,2026-04-20 00:00:00+00
383,PO-1382,Klang Valley Timber,MYPKG,3,RECEIVED,2026-04-16,2026-02-04 00:00:00+00
384,PO-1383,Klang Valley Timber,MYPKG,4,RECEIVED,2026-08-10,2026-06-11 00:00:00+00
385,PO-1384,Shanghai Home Works,CNSHA,3,RECEIVED,2026-07-22,2026-05-20 00:00:00+00
386,PO-1385,Saigon Furniture Co.,VNSGN,4,RECEIVED,2026-06-09,2026-04-12 00:00:00+00
387,PO-1386,Saigon Furniture Co.,VNSGN,2,RECEIVED,2026-07-18,2026-05-19 00:00:00+00
388,PO-1387,Shanghai Home Works,CNSHA,2,RECEIVED,2026-09-04,2026-07-10 00:00:00+00
389,PO-1388,Saigon Furniture Co.,VNSGN,2,RECEIVED,2025-11-28,2025-10-02 00:00:00+00
390,PO-1389,Shanghai Home Works,CNSHA,1,RECEIVED,2025-10-24,2025-09-06 00:00:00+00
391,PO-1390,Saigon Furniture Co.,VNSGN,2,RECEIVED,2026-03-26,2026-01-24 00:00:00+00
392,PO-1391,Shanghai Home Works,CNSHA,1,RECEIVED,2025-11-05,2025-09-17 00:00:00+00
393,PO-1392,Klang Valley Timber,MYPKG,1,RECEIVED,2026-09-06,2026-07-10 00:00:00+00
394,PO-1393,Klang Valley Timber,MYPKG,2,RECEIVED,2026-08-31,2026-06-28 00:00:00+00
395,PO-1394,Klang Valley Timber,MYPKG,4,RECEIVED,2025-12-31,2025-11-04 00:00:00+00
396,PO-1395,Saigon Furniture Co.,VNSGN,4,RECEIVED,2026-06-20,2026-04-26 00:00:00+00
397,PO-1396,Klang Valley Timber,MYPKG,3,RECEIVED,2026-02-16,2025-12-08 00:00:00+00
398,PO-1397,Shanghai Home Works,CNSHA,4,RECEIVED,2026-07-07,2026-05-14 00:00:00+00
399,PO-1398,Saigon Furniture Co.,VNSGN,4,RECEIVED,2026-02-27,2026-01-02 00:00:00+00
400,PO-1399,Shanghai Home Works,CNSHA,2,RECEIVED,2026-08-09,2026-06-17 00:00:00+00
401,PO-1400,Shanghai Home Works,CNSHA,1,RECEIVED,2026-08-17,2026-06-27 00:00:00+00
402,PO-1401,Shanghai Home Works,CNSHA,2,RECEIVED,2026-09-14,2026-07-23 00:00:00+00
403,PO-1402,Saigon Furniture Co.,VNSGN,1,RECEIVED,2026-04-09,2026-02-11 00:00:00+00
404,PO-1403,Saigon Furniture Co.,VNSGN,3,RECEIVED,2026-04-02,2026-01-25 00:00:00+00
405,PO-1404,Shanghai Home Works,CNSHA,3,RECEIVED,2026-05-20,2026-03-17 00:00:00+00
406,PO-1405,Saigon Furniture Co.,VNSGN,3,RECEIVED,2025-12-20,2025-10-13 00:00:00+00
407,PO-1406,Saigon Furniture Co.,VNSGN,2,RECEIVED,2026-01-03,2025-11-06 00:00:00+00
408,PO-1407,Shanghai Home Works,CNSHA,3,RECEIVED,2026-03-28,2026-01-25 00:00:00+00
409,PO-1408,Klang Valley Timber,MYPKG,4,RECEIVED,2026-02-02,2025-12-05 00:00:00+00
410,PO-1409,Shanghai Home Works,CNSHA,3,RECEIVED,2026-02-21,2025-12-18 00:00:00+00
411,PO-1410,Shanghai Home Works,CNSHA,2,RECEIVED,2026-02-12,2025-12-18 00:00:00+00
412,PO-1411,Saigon Furniture Co.,VNSGN,2,RECEIVED,2025-11-15,2025-09-15 00:00:00+00
413,PO-1412,Saigon Furniture Co.,VNSGN,3,RECEIVED,2026-03-29,2026-01-19 00:00:00+00
414,PO-1413,Shanghai Home Works,CNSHA,4,RECEIVED,2025-10-22,2025-09-02 00:00:00+00
415,PO-1414,Shanghai Home Works,CNSHA,4,RECEIVED,2026-06-08,2026-04-19 00:00:00+00
416,PO-1415,Klang Valley Timber,MYPKG,1,RECEIVED,2025-12-14,2025-10-20 00:00:00+00
417,PO-1416,Klang Valley Timber,MYPKG,1,RECEIVED,2026-06-10,2026-04-15 00:00:00+00
418,PO-1417,Klang Valley Timber,MYPKG,1,RECEIVED,2026-04-30,2026-03-04 00:00:00+00
419,PO-1418,Klang Valley Timber,MYPKG,4,RECEIVED,2025-12-05,2025-10-08 00:00:00+00
420,PO-1419,Shanghai Home Works,CNSHA,1,RECEIVED,2026-03-12,2026-01-23 00:00:00+00
421,PO-1420,Shanghai Home Works,CNSHA,1,RECEIVED,2026-01-29,2025-12-12 00:00:00+00
422,PO-1421,Saigon Furniture Co.,VNSGN,4,RECEIVED,2025-12-17,2025-10-24 00:00:00+00
423,PO-1422,Saigon Furniture Co.,VNSGN,1,RECEIVED,2026-04-12,2026-02-18 00:00:00+00
424,PO-1423,Shanghai Home Works,CNSHA,3,RECEIVED,2026-07-10,2026-05-07 00:00:00+00
425,PO-1424,Shanghai Home Works,CNSHA,3,RECEIVED,2026-06-16,2026-04-15 00:00:00+00
426,PO-1425,Shanghai Home Works,CNSHA,1,RECEIVED,2026-05-25,2026-04-06 00:00:00+00
427,PO-1426,Shanghai Home Works,CNSHA,2,RECEIVED,2026-01-09,2025-11-13 00:00:00+00
428,PO-1427,Klang Valley Timber,MYPKG,4,RECEIVED,2026-07-27,2026-05-30 00:00:00+00
429,PO-1428,Shanghai Home Works,CNSHA,4,RECEIVED,2026-04-06,2026-02-11 00:00:00+00
430,PO-1429,Shanghai Home Works,CNSHA,3,RECEIVED,2026-08-22,2026-06-17 00:00:00+00
431,PO-1430,Saigon Furniture Co.,VNSGN,2,RECEIVED,2026-06-02,2026-04-04 00:00:00+00
432,PO-1431,Shanghai Home Works,CNSHA,3,RECEIVED,2026-01-23,2025-11-18 00:00:00+00
433,PO-1432,Saigon Furniture Co.,VNSGN,3,RECEIVED,2026-04-17,2026-02-07 00:00:00+00
434,PO-1433,Saigon Furniture Co.,VNSGN,2,RECEIVED,2026-04-06,2026-02-07 00:00:00+00
435,PO-1434,Shanghai Home Works,CNSHA,2,RECEIVED,2026-09-08,2026-07-17 00:00:00+00
436,PO-1435,Klang Valley Timber,MYPKG,1,RECEIVED,2026-07-17,2026-05-23 00:00:00+00
437,PO-1436,Shanghai Home Works,CNSHA,1,RECEIVED,2026-07-24,2026-06-02 00:00:00+00
438,PO-1437,Klang Valley Timber,MYPKG,1,RECEIVED,2026-07-16,2026-05-20 00:00:00+00
439,PO-1438,Klang Valley Timber,MYPKG,2,RECEIVED,2026-02-07,2025-12-06 00:00:00+00
440,PO-1439,Shanghai Home Works,CNSHA,1,RECEIVED,2026-06-03,2026-04-12 00:00:00+00
441,PO-1440,Shanghai Home Works,CNSHA,4,RECEIVED,2026-09-08,2026-07-16 00:00:00+00
442,PO-1441,Klang Valley Timber,MYPKG,3,RECEIVED,2026-05-16,2026-03-10 00:00:00+00
443,PO-1442,Shanghai Home Works,CNSHA,3,RECEIVED,2026-03-28,2026-01-24 00:00:00+00
444,PO-1443,Shanghai Home Works,CNSHA,1,RECEIVED,2026-02-07,2025-12-18 00:00:00+00
445,PO-1444,Saigon Furniture Co.,VNSGN,4,RECEIVED,2025-10-16,2025-08-23 00:00:00+00
446,PO-1445,Saigon Furniture Co.,VNSGN,2,RECEIVED,2026-04-28,2026-02-28 00:00:00+00
447,PO-1446,Shanghai Home Works,CNSHA,4,RECEIVED,2026-09-16,2026-07-24 00:00:00+00
448,PO-1447,Klang Valley Timber,MYPKG,4,RECEIVED,2026-08-28,2026-06-30 00:00:00+00
449,PO-1448,Shanghai Home Works,CNSHA,1,RECEIVED,2025-12-15,2025-10-27 00:00:00+00
450,PO-1449,Saigon Furniture Co.,VNSGN,2,RECEIVED,2025-11-21,2025-09-22 00:00:00+00
451,PO-1450,Saigon Furniture Co.,VNSGN,2,RECEIVED,2026-09-13,2026-07-17 00:00:00+00
452,PO-1451,Klang Valley Timber,MYPKG,2,RECEIVED,2026-02-12,2025-12-13 00:00:00+00
453,PO-1452,Saigon Furniture Co.,VNSGN,2,RECEIVED,2026-05-31,2026-04-02 00:00:00+00
454,PO-1453,Shanghai Home Works,CNSHA,4,RECEIVED,2026-01-10,2025-11-21 00:00:00+00
455,PO-1454,Saigon Furniture Co.,VNSGN,3,RECEIVED,2026-06-14,2026-04-10 00:00:00+00
456,PO-1455,Shanghai Home Works,CNSHA,2,RECEIVED,2025-11-13,2025-09-20 00:00:00+00
457,PO-1456,Shanghai Home Works,CNSHA,3,RECEIVED,2025-11-06,2025-09-01 00:00:00+00
458,PO-1457,Klang Valley Timber,MYPKG,2,RECEIVED,2025-11-20,2025-09-19 00:00:00+00
459,PO-1458,Saigon Furniture Co.,VNSGN,4,RECEIVED,2026-03-31,2026-02-01 00:00:00+00
460,PO-1459,Klang Valley Timber,MYPKG,2,RECEIVED,2026-06-03,2026-04-01 00:00:00+00
461,PO-1460,Shanghai Home Works,CNSHA,3,RECEIVED,2026-07-24,2026-05-21 00:00:00+00
462,PO-1461,Klang Valley Timber,MYPKG,4,RECEIVED,2026-02-17,2025-12-22 00:00:00+00
463,PO-1462,Saigon Furniture Co.,VNSGN,2,RECEIVED,2025-11-14,2025-09-14 00:00:00+00
464,PO-1463,Klang Valley Timber,MYPKG,1,RECEIVED,2026-05-26,2026-03-30 00:00:00+00
465,PO-1464,Saigon Furniture Co.,VNSGN,2,RECEIVED,2026-08-12,2026-06-13 00:00:00+00
466,PO-1465,Klang Valley Timber,MYPKG,3,RECEIVED,2026-05-25,2026-03-17 00:00:00+00
467,PO-1466,Klang Valley Timber,MYPKG,3,RECEIVED,2026-07-08,2026-04-29 00:00:00+00
468,PO-1467,Klang Valley Timber,MYPKG,2,RECEIVED,2026-06-03,2026-03-31 00:00:00+00
469,PO-1468,Shanghai Home Works,CNSHA,1,RECEIVED,2025-11-21,2025-10-04 00:00:00+00
470,PO-1469,Klang Valley Timber,MYPKG,4,RECEIVED,2025-11-19,2025-09-22 00:00:00+00
471,PO-1470,Shanghai Home Works,CNSHA,3,RECEIVED,2025-12-31,2025-10-27 00:00:00+00
472,PO-1471,Shanghai Home Works,CNSHA,4,RECEIVED,2026-07-04,2026-05-13 00:00:00+00
473,PO-1472,Shanghai Home Works,CNSHA,1,RECEIVED,2026-05-12,2026-03-23 00:00:00+00
474,PO-1473,Klang Valley Timber,MYPKG,4,RECEIVED,2026-04-12,2026-02-14 00:00:00+00
475,PO-1474,Klang Valley Timber,MYPKG,2,RECEIVED,2026-09-20,2026-07-22 00:00:00+00
476,PO-1475,Shanghai Home Works,CNSHA,2,RECEIVED,2026-05-19,2026-03-26 00:00:00+00
477,PO-1476,Klang Valley Timber,MYPKG,3,RECEIVED,2025-11-13,2025-09-03 00:00:00+00
478,PO-1477,Klang Valley Timber,MYPKG,3,RECEIVED,2026-06-26,2026-04-20 00:00:00+00
479,PO-1478,Klang Valley Timber,MYPKG,1,RECEIVED,2026-09-20,2026-07-23 00:00:00+00
480,PO-1479,Shanghai Home Works,CNSHA,3,RECEIVED,2026-03-03,2025-12-30 00:00:00+00
481,PO-1480,Saigon Furniture Co.,VNSGN,4,OPEN,2026-09-07,2026-07-15 00:00:00+00
482,PO-1481,Klang Valley Timber,MYPKG,4,OPEN,2026-10-10,2026-08-10 00:00:00+00
483,PO-1482,Klang Valley Timber,MYPKG,4,OPEN,2026-09-18,2026-07-21 00:00:00+00
484,PO-1483,Saigon Furniture Co.,VNSGN,2,OPEN,2026-10-23,2026-08-26 00:00:00+00
485,PO-1484,Klang Valley Timber,MYPKG,4,OPEN,2026-10-18,2026-08-21 00:00:00+00
486,PO-1485,Saigon Furniture Co.,VNSGN,3,OPEN,2026-10-08,2026-08-01 00:00:00+00
487,PO-1486,Shanghai Home Works,CNSHA,2,OPEN,2026-10-08,2026-08-16 00:00:00+00
488,PO-1487,Klang Valley Timber,MYPKG,2,OPEN,2026-10-08,2026-08-08 00:00:00+00
489,PO-1488,Shanghai Home Works,CNSHA,4,OPEN,2026-10-08,2026-08-19 00:00:00+00
490,PO-1489,Shanghai Home Works,CNSHA,3,OPEN,2026-10-03,2026-07-30 00:00:00+00
491,PO-1490,Shanghai Home Works,CNSHA,3,OPEN,2026-09-19,2026-07-15 00:00:00+00
492,PO-1491,Klang Valley Timber,MYPKG,1,OPEN,2026-09-24,2026-07-28 00:00:00+00
493,PO-1492,Klang Valley Timber,MYPKG,1,OPEN,2026-10-16,2026-08-19 00:00:00+00
494,PO-1493,Klang Valley Timber,MYPKG,1,OPEN,2026-10-07,2026-08-13 00:00:00+00
495,PO-1494,Shanghai Home Works,CNSHA,1,OPEN,2026-09-07,2026-07-19 00:00:00+00
496,PO-1495,Shanghai Home Works,CNSHA,4,OPEN,2026-09-01,2026-07-12 00:00:00+00
497,PO-1496,Saigon Furniture Co.,VNSGN,3,OPEN,2026-11-01,2026-08-27 00:00:00+00
498,PO-1497,Klang Valley Timber,MYPKG,2,OPEN,2026-09-24,2026-07-23 00:00:00+00
499,PO-1498,Shanghai Home Works,CNSHA,4,OPEN,2026-09-07,2026-07-16 00:00:00+00
500,PO-1499,Shanghai Home Works,CNSHA,2,OPEN,2026-09-14,2026-07-19 00:00:00+00
501,PO-1500,Klang Valley Timber,MYPKG,1,OPEN,2026-10-09,2026-08-12 00:00:00+00
502,PO-1501,Shanghai Home Works,CNSHA,3,OPEN,2026-09-28,2026-07-25 00:00:00+00
503,PO-1502,Shanghai Home Works,CNSHA,3,OPEN,2026-10-16,2026-08-12 00:00:00+00
504,PO-1503,Klang Valley Timber,MYPKG,2,OPEN,2026-10-07,2026-08-05 00:00:00+00
505,PO-1504,Klang Valley Timber,MYPKG,3,OPEN,2026-10-14,2026-08-07 00:00:00+00
506,PO-1505,Shanghai Home Works,CNSHA,1,OPEN,2026-09-12,2026-07-22 00:00:00+00
507,PO-1506,Shanghai Home Works,CNSHA,3,OPEN,2026-09-17,2026-07-17 00:00:00+00
508,PO-1507,Shanghai Home Works,CNSHA,4,OPEN,2026-09-26,2026-08-04 00:00:00+00
509,PO-1508,Klang Valley Timber,MYPKG,4,OPEN,2026-09-22,2026-07-23 00:00:00+00
510,PO-1509,Shanghai Home Works,CNSHA,1,OPEN,2026-09-30,2026-08-11 00:00:00+00
511,PO-1510,Shanghai Home Works,CNSHA,3,OPEN,2026-10-01,2026-07-29 00:00:00+00
512,PO-1511,Saigon Furniture Co.,VNSGN,3,OPEN,2026-10-13,2026-08-08 00:00:00+00
513,PO-1512,Shanghai Home Works,CNSHA,2,OPEN,2026-10-10,2026-08-14 00:00:00+00
514,PO-1513,Shanghai Home Works,CNSHA,2,OPEN,2026-09-27,2026-08-03 00:00:00+00
515,PO-1514,Saigon Furniture Co.,VNSGN,3,OPEN,2026-10-15,2026-08-07 00:00:00+00
516,PO-1515,Shanghai Home Works,CNSHA,3,OPEN,2026-10-08,2026-08-04 00:00:00+00
