id,po_id,carrier,container_no,planned_departure,planned_arrival,predicted_arrival,predicted_confidence,prediction_basis,current_stage,version,updated_at
1,1,CMA CGM,MAEU9100992,2025-12-22,2026-01-25,,,,RECEIVED_FC,0,2026-09-10 09:23:18.966662+00
2,2,Maersk,MAEU0133613,2026-08-09,2026-09-20,,,,RECEIVED_FC,0,2026-09-10 09:23:18.966662+00
3,3,ONE,MAEU6036318,2025-12-10,2026-01-16,,,,RECEIVED_FC,0,2026-09-10 09:23:18.966662+00
4,4,CMA CGM,MAEU2294786,2026-05-11,2026-06-10,,,,RECEIVED_FC,0,2026-09-10 09:23:18.966662+00
5,5,Evergreen,MAEU1854898,2026-03-23,2026-04-22,,,,RECEIVED_FC,0,2026-09-10 09:23:18.966662+00
6,6,CMA CGM,MAEU7725908,2026-04-17,2026-05-21,,,,RECEIVED_FC,0,2026-09-10 09:23:18.966662+00
7,7,Maersk,MAEU5945946,2025-12-19,2026-01-27,,,,RECEIVED_FC,0,2026-09-10 09:23:18.966662+00
8,8,ONE,MAEU1798922,2026-07-29,2026-08-28,,,,RECEIVED_FC,0,2026-09-10 09:23:18.966662+00
9,9,CMA CGM,MAEU4579083,2026-05-31,2026-07-04,,,,RECEIVED_FC,0,2026-09-10 09:23:18.966662+00
10,10,ONE,MAEU0154281,2026-04-07,2026-05-21,,,,RECEIVED_FC,0,2026-09-10 09:23:18.966662+00
11,11,CMA CGM,MAEU9872980,2026-06-11,2026-07-25,,,,RECEIVED_FC,0,2026-09-10 09:23:18.966662+00
12,12,CMA CGM,MAEU5695017,2025-10-29,2025-11-25,,,,RECEIVED_FC,0,2026-09-10 09:23:18.966662+00
13,13,ONE,MAEU4341503,2026-06-28,2026-08-01,,,,RECEIVED_FC,0,2026-09-10 09:23:18.966662+00
14,14,CMA CGM,MAEU9933935,2026-03-19,2026-04-18,,,,RECEIVED_FC,0,2026-09-10 09:23:18.966662+00
15,15,ONE,MAEU2232882,2025-12-29,2026-01-25,,,,RECEIVED_FC,0,2026-09-10 09:23:18.966662+00
16,16,ONE,MAEU0371398,2026-04-16,2026-05-18,,,,RECEIVED_FC,0,2026-09-10 09:23:18.966662+00
17,17,ONE,MAEU0857429,2025-11-21,2025-12-30,,,,RECEIVED_FC,0,2026-09-10 09:23:18.966662+00
18,18,CMA CGM,MAEU6134162,2026-01-30,2026-03-13,,,,RECEIVED_FC,0,2026-09-10 09:23:18.966662+00
19,19,CMA CGM,MAEU1746486,2026-08-01,2026-09-09,,,,RECEIVED_FC,0,2026-09-10 09:23:18.966662+00
20,20,Maersk,MAEU2642265,2026-02-20,2026-03-26,,,,RECEIVED_FC,0,2026-09-10 09:23:18.966662+00
21,21,ONE,MAEU0624825,2026-07-03,2026-08-06,,,,RECEIVED_FC,0,2026-09-10 09:23:18.966662+00
22,22,Maersk,MAEU3789266,2026-06-10,2026-07-19,,,,RECEIVED_FC,0,2026-09-10 09:23:18.966662+00
23,23,Maersk,MAEU3157045,2025-10-06,2025-11-12,,,,RECEIVED_FC,0,2026-09-10 09:23:18.966662+00
24,24,CMA CGM,MAEU6714744,2026-06-23,2026-07-23,,,,RECEIVED_FC,0,2026-09-10 09:23:18.966662+00
25,25,Evergreen,MAEU9174304,2025-12-03,2026-01-06,,,,RECEIVED_FC,0,2026-09-10 09:23:18.966662+00
26,26,CMA CGM,MAEU9879838,2026-08-21,2026-09-22,,,,RECEIVED_FC,0,2026-09-10 09:23:18.966662+00
27,27,Evergreen,MAEU6631270,2026-06-01,2026-07-02,,,,RECEIVED_FC,0,2026-09-10 09:23:18.966662+00
28,28,CMA CGM,MAEU6816567,2026-02-28,2026-03-27,,,,RECEIVED_FC,0,2026-09-10 09:23:18.966662+00
29,29,Maersk,MAEU7649031,2026-05-29,2026-06-25,,,,RECEIVED_FC,0,2026-09-10 09:23:18.966662+00
30,30,ONE,MAEU3712023,2025-11-21,2025-12-22,,,,RECEIVED_FC,0,2026-09-10 09:23:18.966662+00
31,31,Evergreen,MAEU8338745,2025-12-12,2026-01-25,,,,RECEIVED_FC,0,2026-09-10 09:23:18.966662+00
32,32,Evergreen,MAEU6607620,2026-03-17,2026-04-23,,,,RECEIVED_FC,0,2026-09-10 09:23:18.966662+00
33,33,ONE,MAEU7269132,2026-06-15,2026-07-15,,,,RECEIVED_FC,0,2026-09-10 09:23:18.966662+00
34,34,CMA CGM,MAEU0236126,2026-03-15,2026-04-18,,,,RECEIVED_FC,0,2026-09-10 09:23:18.966662+00
35,35,CMA CGM,MAEU4645448,2025-12-26,2026-02-08,,,,RECEIVED_FC,0,2026-09-10 09:23:18.966662+00
36,36,Maersk,MAEU7242386,2026-02-09,2026-03-15,,,,RECEIVED_FC,0,2026-09-10 09:23:18.966662+00
37,37,Evergreen,MAEU7193731,2026-01-01,2026-01-28,,,,RECEIVED_FC,0,2026-09-10 09:23:18.966662+00
38,38,ONE,MAEU0949739,2026-03-27,2026-05-03,,,,RECEIVED_FC,0,2026-09-10 09:23:18.966662+00
39,39,Maersk,MAEU0404789,2025-12-24,2026-01-30,,,,RECEIVED_FC,0,2026-09-10 09:23:18.966662+00
40,40,CMA CGM,MAEU5354416,2026-08-03,2026-09-06,,,,RECEIVED_FC,0,2026-09-10 09:23:18.966662+00
41,41,Maersk,MAEU8544207,2026-06-25,2026-07-26,,,,RECEIVED_FC,0,2026-09-10 09:23:18.966662+00
42,42,CMA CGM,MAEU1573502,2026-01-12,2026-02-25,,,,RECEIVED_FC,0,2026-09-10 09:23:18.966662+00
43,43,ONE,MAEU2749947,2025-10-14,2025-11-13,,,,RECEIVED_FC,0,2026-09-10 09:23:18.966662+00
44,44,CMA CGM,MAEU8746409,2026-06-19,2026-08-02,,,,RECEIVED_FC,0,2026-09-10 09:23:18.966662+00
45,45,Maersk,MAEU5523810,2025-10-31,2025-11-27,,,,RECEIVED_FC,0,2026-09-10 09:23:18.966662+00
46,46,Evergreen,MAEU4099692,2026-01-14,2026-02-27,,,,RECEIVED_FC,0,2026-09-10 09:23:18.966662+00
47,47,Maersk,MAEU6813359,2025-12-16,2026-01-29,,,,RECEIVED_FC,0,2026-09-10 09:23:18.966662+00
48,48,ONE,MAEU4532366,2026-03-16,2026-04-29,,,,RECEIVED_FC,0,2026-09-10 09:23:18.966662+00
49,49,CMA CGM,MAEU0207489,2025-10-28,2025-11-27,,,,RECEIVED_FC,0,2026-09-10 09:23:18.966662+00
50,50,Evergreen,MAEU0392295,2025-10-19,2025-11-27,,,,RECEIVED_FC,0,2026-09-10 09:23:18.966662+00
51,51,ONE,MAEU7802469,2025-11-02,2025-11-29,,,,RECEIVED_FC,0,2026-09-10 09:23:18.966662+00
52,52,Maersk,MAEU6251715,2026-03-05,2026-04-04,,,,RECEIVED_FC,0,2026-09-10 09:23:18.966662+00
53,53,Evergreen,MAEU9386000,2025-12-31,2026-02-01,,,,RECEIVED_FC,0,2026-09-10 09:23:18.966662+00
54,54,Evergreen,MAEU7083656,2026-01-29,2026-03-09,,,,RECEIVED_FC,0,2026-09-10 09:23:18.966662+00
55,55,Evergreen,MAEU0755549,2026-03-18,2026-04-29,,,,RECEIVED_FC,0,2026-09-10 09:23:18.966662+00
56,56,CMA CGM,MAEU1127834,2026-07-18,2026-08-31,,,,RECEIVED_FC,0,2026-09-10 09:23:18.966662+00
57,57,CMA CGM,MAEU5868690,2026-06-27,2026-07-24,,,,RECEIVED_FC,0,2026-09-10 09:23:18.966662+00
58,58,CMA CGM,MAEU0186644,2025-09-24,2025-10-26,,,,RECEIVED_FC,0,2026-09-10 09:23:18.966662+00
59,59,CMA CGM,MAEU5290615,2026-07-04,2026-08-07,,,,RECEIVED_FC,0,2026-09-10 09:23:18.966662+00
60,60,CMA CGM,MAEU3427894,2026-02-21,2026-04-01,,,,RECEIVED_FC,0,2026-09-10 09:23:18.966662+00
61,61,CMA CGM,MAEU4163528,2026-03-20,2026-05-03,,,,RECEIVED_FC,0,2026-09-10 09:23:18.966662+00
62,62,Evergreen,MAEU0389017,2026-04-22,2026-05-26,,,,RECEIVED_FC,0,2026-09-10 09:23:18.966662+00
63,63,Evergreen,MAEU5955679,2026-03-09,2026-04-08,,,,RECEIVED_FC,0,2026-09-10 09:23:18.966662+00
64,64,Evergreen,MAEU0361461,2026-01-09,2026-02-10,,,,RECEIVED_FC,0,2026-09-10 09:23:18.966662+00
65,65,ONE,MAEU7181106,2025-10-31,2025-11-30,,,,RECEIVED_FC,0,2026-09-10 09:23:18.966662+00
66,66,ONE,MAEU3743199,2026-04-29,2026-06-12,,,,RECEIVED_FC,0,2026-09-10 09:23:18.966662+00
67,67,Evergreen,MAEU0914042,2026-07-16,2026-08-16,,,,RECEIVED_FC,0,2026-09-10 09:23:18.966662+00
68,68,Evergreen,MAEU6207691,2025-09-17,2025-10-14,,,,RECEIVED_FC,0,2026-09-10 09:23:18.966662+00
69,69,CMA CGM,MAEU9474813,2026-01-25,2026-02-25,,,,RECEIVED_FC,0,2026-09-10 09:23:18.966662+00
70,70,Maersk,MAEU9426220,2026-06-29,2026-07-26,,,,RECEIVED_FC,0,2026-09-10 09:23:18.966662+00
71,71,ONE,MAEU6268379,2026-08-11,2026-09-19,,,,RECEIVED_FC,0,2026-09-10 09:23:18.966662+00
72,72,Evergreen,MAEU8657939,2025-11-08,2025-12-20,,,,RECEIVED_FC,0,2026-09-10 09:23:18.966662+00
73,73,Evergreen,MAEU4955540,2026-08-12,2026-09-18,,,,RECEIVED_FC,0,2026-09-10 09:23:18.966662+00
74,74,Evergreen,MAEU6215405,2026-06-12,2026-07-16,,,,RECEIVED_FC,0,2026-09-10 09:23:18.966662+00
75,75,ONE,MAEU5713169,2025-11-25,2025-12-25,,,,RECEIVED_FC,0,2026-09-10 09:23:18.966662+00
76,76,CMA CGM,MAEU6239310,2026-01-23,2026-02-19,,,,RECEIVED_FC,0,2026-09-10 09:23:18.966662+00
77,77,CMA CGM,MAEU7602517,2025-12-10,2026-01-21,,,,RECEIVED_FC,0,2026-09-10 09:23:18.966662+00
78,78,Evergreen,MAEU2289805,2026-07-14,2026-08-14,,,,RECEIVED_FC,0,2026-09-10 09:23:18.966662+00
79,79,Evergreen,MAEU3312441,2025-10-31,2025-11-27,,,,RECEIVED_FC,0,2026-09-10 09:23:18.966662+00
80,80,CMA CGM,MAEU6758394,2026-01-11,2026-02-17,,,,RECEIVED_FC,0,2026-09-10 09:23:18.966662+00
81,81,Evergreen,MAEU7510064,2026-08-06,2026-09-17,,,,RECEIVED_FC,0,2026-09-10 09:23:18.966662+00
82,82,CMA CGM,MAEU8542195,2026-08-12,2026-09-11,,,,RECEIVED_FC,0,2026-09-10 09:23:18.966662+00
83,83,Maersk,MAEU8638374,2026-06-29,2026-08-12,,,,RECEIVED_FC,0,2026-09-10 09:23:18.966662+00
84,84,CMA CGM,MAEU6144728,2025-11-01,2025-12-10,,,,RECEIVED_FC,0,2026-09-10 09:23:18.966662+00
85,85,Evergreen,MAEU6709750,2026-06-21,2026-08-04,,,,RECEIVED_FC,0,2026-09-10 09:23:18.966662+00
86,86,CMA CGM,MAEU4499319,2026-08-02,2026-09-03,,,,RECEIVED_FC,0,2026-09-10 09:23:18.966662+00
87,87,Maersk,MAEU4514198,2026-03-01,2026-04-02,,,,RECEIVED_FC,0,2026-09-10 09:23:18.966662+00
88,88,Maersk,MAEU2584854,2026-01-17,2026-02-16,,,,RECEIVED_FC,0,2026-09-10 09:23:18.966662+00
89,89,CMA CGM,MAEU3703910,2025-12-21,2026-01-15,,,,RECEIVED_FC,0,2026-09-10 09:23:18.966662+00
90,90,Maersk,MAEU9313326,2026-02-26,2026-04-04,,,,RECEIVED_FC,0,2026-09-10 09:23:18.966662+00
91,91,ONE,MAEU0926534,2025-12-25,2026-01-24,,,,RECEIVED_FC,0,2026-09-10 09:23:18.966662+00
92,92,Evergreen,MAEU1058989,2026-04-16,2026-05-23,,,,RECEIVED_FC,0,2026-09-10 09:23:18.966662+00
93,93,Evergreen,MAEU7757898,2026-08-13,2026-09-24,,,,RECEIVED_FC,0,2026-09-10 09:23:18.966662+00
94,94,Evergreen,MAEU2304649,2026-02-08,2026-03-22,,,,RECEIVED_FC,0,2026-09-10 09:23:18.966662+00
95,95,Maersk,MAEU9399999,2026-01-07,2026-02-15,,,,RECEIVED_FC,0,2026-09-10 09:23:18.966662+00
96,96,ONE,MAEU2632575,2026-07-16,2026-08-12,,,,RECEIVED_FC,0,2026-09-10 09:23:18.966662+00
97,97,Evergreen,MAEU6847376,2026-05-29,2026-07-12,,,,RECEIVED_FC,0,2026-09-10 09:23:18.966662+00
98,98,Maersk,MAEU7170571,2025-10-31,2025-11-27,,,,RECEIVED_FC,0,2026-09-10 09:23:18.966662+00
99,99,Evergreen,MAEU7300403,2025-12-27,2026-02-04,,,,RECEIVED_FC,0,2026-09-10 09:23:18.966662+00
100,100,Evergreen,MAEU0913860,2026-03-27,2026-05-10,,,,RECEIVED_FC,0,2026-09-10 09:23:18.966662+00
101,101,Maersk,MAEU5136862,2025-11-18,2025-12-27,,,,RECEIVED_FC,0,2026-09-10 09:23:18.966662+00
102,102,Evergreen,MAEU6443506,2026-06-12,2026-07-13,,,,RECEIVED_FC,0,2026-09-10 09:23:18.966662+00
103,103,Evergreen,MAEU2578944,2026-08-06,2026-09-12,,,,RECEIVED_FC,0,2026-09-10 09:23:18.966662+00
104,104,Evergreen,MAEU6477875,2025-10-11,2025-11-14,,,,RECEIVED_FC,0,2026-09-10 09:23:18.966662+00
105,105,Evergreen,MAEU8189716,2025-10-12,2025-11-13,,,,RECEIVED_FC,0,2026-09-10 09:23:18.966662+00
106,106,ONE,MAEU4285718,2026-07-11,2026-08-12,,,,RECEIVED_FC,0,2026-09-10 09:23:18.966662+00
107,107,CMA CGM,MAEU0086180,2026-07-09,2026-08-20,,,,RECEIVED_FC,0,2026-09-10 09:23:18.966662+00
108,108,CMA CGM,MAEU0223828,2026-05-13,2026-06-12,,,,RECEIVED_FC,0,2026-09-10 09:23:18.966662+00
109,109,ONE,MAEU0523902,2026-03-17,2026-04-20,,,,RECEIVED_FC,0,2026-09-10 09:23:18.966662+00
110,110,Maersk,MAEU4113792,2026-03-15,2026-04-26,,,,RECEIVED_FC,0,2026-09-10 09:23:18.966662+00
111,111,CMA CGM,MAEU1158028,2026-06-26,2026-08-09,,,,RECEIVED_FC,0,2026-09-10 09:23:18.966662+00
112,112,CMA CGM,MAEU5888368,2025-09-11,2025-10-12,,,,RECEIVED_FC,0,2026-09-10 09:23:18.966662+00
113,113,ONE,MAEU8961366,2026-02-27,2026-03-30,,,,RECEIVED_FC,0,2026-09-10 09:23:18.966662+00
114,114,CMA CGM,MAEU8935178,2026-07-14,2026-08-17,,,,RECEIVED_FC,0,2026-09-10 09:23:18.966662+00
115,115,Evergreen,MAEU3661635,2025-12-01,2026-01-09,,,,RECEIVED_FC,0,2026-09-10 09:23:18.966662+00
116,116,CMA CGM,MAEU9171496,2025-09-22,2025-10-19,,,,RECEIVED_FC,0,2026-09-10 09:23:18.966662+00
117,117,CMA CGM,MAEU1083404,2026-07-02,2026-08-02,,,,RECEIVED_FC,0,2026-09-10 09:23:18.966662+00
118,118,CMA CGM,MAEU0392012,2025-11-05,2025-12-07,,,,RECEIVED_FC,0,2026-09-10 09:23:18.966662+00
119,119,CMA CGM,MAEU0984003,2026-03-22,2026-04-21,,,,RECEIVED_FC,0,2026-09-10 09:23:18.966662+00
120,120,Evergreen,MAEU8079925,2026-03-31,2026-05-01,,,,RECEIVED_FC,0,2026-09-10 09:23:18.966662+00
121,121,CMA CGM,MAEU8666294,2026-06-02,2026-07-11,,,,RECEIVED_FC,0,2026-09-10 09:23:18.966662+00
122,122,ONE,MAEU1979720,2026-01-29,2026-03-07,,,,RECEIVED_FC,0,2026-09-10 09:23:18.966662+00
123,123,Maersk,MAEU6354312,2025-09-15,2025-10-10,,,,RECEIVED_FC,0,2026-09-10 09:23:18.966662+00
124,124,Maersk,MAEU9080960,2025-10-11,2025-11-12,,,,RECEIVED_FC,0,2026-09-10 09:23:18.966662+00
125,125,Maersk,MAEU0993370,2026-07-25,2026-08-28,,,,RECEIVED_FC,0,2026-09-10 09:23:18.966662+00
126,126,Evergreen,MAEU9228059,2026-02-10,2026-03-12,,,,RECEIVED_FC,0,2026-09-10 09:23:18.966662+00
127,127,Evergreen,MAEU8853592,2026-02-15,2026-03-12,,,,RECEIVED_FC,0,2026-09-10 09:23:18.966662+00
128,128,Maersk,MAEU0844175,2026-03-21,2026-05-02,,,,RECEIVED_FC,0,2026-09-10 09:23:18.966662+00
129,129,Maersk,MAEU7693967,2026-04-27,2026-05-27,,,,RECEIVED_FC,0,2026-09-10 09:23:18.966662+00
130,130,ONE,MAEU9080936,2026-06-07,2026-07-02,,,,RECEIVED_FC,0,2026-09-10 09:23:18.966662+00
131,131,Evergreen,MAEU8777362,2026-07-28,2026-09-03,,,,RECEIVED_FC,0,2026-09-10 09:23:18.966662+00
132,132,Evergreen,MAEU5406900,2026-03-09,2026-04-03,,,,RECEIVED_FC,0,2026-09-10 09:23:18.966662+00
133,133,ONE,MAEU2546685,2025-11-27,2026-01-10,,,,RECEIVED_FC,0,2026-09-10 09:23:18.966662+00
134,134,ONE,MAEU3635992,2026-06-25,2026-08-03,,,,RECEIVED_FC,0,2026-09-10 09:23:18.966662+00
135,135,ONE,MAEU2492335,2026-03-02,2026-03-27,,,,RECEIVED_FC,0,2026-09-10 09:23:18.966662+00
136,136,CMA CGM,MAEU8218986,2026-07-30,2026-09-05,,,,RECEIVED_FC,0,2026-09-10 09:23:18.966662+00
137,137,CMA CGM,MAEU8423891,2025-10-02,2025-11-05,,,,RECEIVED_FC,0,2026-09-10 09:23:18.966662+00
138,138,Maersk,MAEU8578910,2025-12-20,2026-01-23,,,,RECEIVED_FC,0,2026-09-10 09:23:18.966662+00
139,139,Evergreen,MAEU6125781,2026-04-30,2026-06-01,,,,RECEIVED_FC,0,2026-09-10 09:23:18.966662+00
140,140,ONE,MAEU1713862,2025-11-04,2025-12-04,,,,RECEIVED_FC,0,2026-09-10 09:23:18.966662+00
141,141,Maersk,MAEU0090471,2025-12-13,2026-01-24,,,,RECEIVED_FC,0,2026-09-10 09:23:18.966662+00
142,142,ONE,MAEU9009885,2026-01-17,2026-02-25,,,,RECEIVED_FC,0,2026-09-10 09:23:18.966662+00
143,143,ONE,MAEU5409045,2026-03-10,2026-04-16,,,,RECEIVED_FC,0,2026-09-10 09:23:18.966662+00
144,144,CMA CGM,MAEU6315516,2025-10-20,2025-12-03,,,,RECEIVED_FC,0,2026-09-10 09:23:18.966662+00
145,145,CMA CGM,MAEU3956502,2025-10-26,2025-11-25,,,,RECEIVED_FC,0,2026-09-10 09:23:18.966662+00
146,146,Evergreen,MAEU7911914,2025-12-19,2026-01-18,,,,RECEIVED_FC,0,2026-09-10 09:23:18.966662+00
147,147,CMA CGM,MAEU3636529,2026-04-24,2026-05-19,,,,RECEIVED_FC,0,2026-09-10 09:23:18.966662+00
148,148,CMA CGM,MAEU9627267,2026-07-01,2026-08-04,,,,RECEIVED_FC,0,2026-09-10 09:23:18.966662+00
149,149,ONE,MAEU1258004,2025-11-21,2025-12-25,,,,RECEIVED_FC,0,2026-09-10 09:23:18.966662+00
150,150,ONE,MAEU3696452,2026-04-06,2026-05-03,,,,RECEIVED_FC,0,2026-09-10 09:23:18.966662+00
151,151,CMA CGM,MAEU7179080,2025-12-07,2026-01-06,,,,RECEIVED_FC,0,2026-09-10 09:23:18.966662+00
152,152,CMA CGM,MAEU1055830,2025-11-11,2025-12-15,,,,RECEIVED_FC,0,2026-09-10 09:23:18.966662+00
153,153,Maersk,MAEU3467847,2025-12-02,2026-01-10,,,,RECEIVED_FC,0,2026-09-10 09:23:18.966662+00
154,154,Maersk,MAEU2534360,2026-06-13,2026-07-13,,,,RECEIVED_FC,0,2026-09-10 09:23:18.966662+00
155,155,ONE,MAEU4209563,2026-02-20,2026-03-22,,,,RECEIVED_FC,0,2026-09-10 09:23:18.966662+00
156,156,Evergreen,MAEU6933820,2025-12-02,2026-01-01,,,,RECEIVED_FC,0,2026-09-10 09:23:18.966662+00
157,157,Maersk,MAEU1311408,2026-01-06,2026-01-31,,,,RECEIVED_FC,0,2026-09-10 09:23:18.966662+00
158,158,Maersk,MAEU6048256,2026-02-19,2026-03-18,,,,RECEIVED_FC,0,2026-09-10 09:23:18.966662+00
159,159,CMA CGM,MAEU8575392,2026-02-02,2026-03-08,,,,RECEIVED_FC,0,2026-09-10 09:23:18.966662+00
160,160,Maersk,MAEU2156744,2025-12-02,2026-01-05,,,,RECEIVED_FC,0,2026-09-10 09:23:18.966662+00
161,161,Evergreen,MAEU5340681,2026-07-16,2026-08-16,,,,RECEIVED_FC,0,2026-09-10 09:23:18.966662+00
162,162,Maersk,MAEU4562206,2025-11-11,2025-12-11,,,,RECEIVED_FC,0,2026-09-10 09:23:18.966662+00
163,163,Maersk,MAEU7151748,2026-04-21,2026-05-21,,,,RECEIVED_FC,0,2026-09-10 09:23:18.966662+00
164,164,ONE,MAEU8817351,2026-05-08,2026-06-11,,,,RECEIVED_FC,0,2026-09-10 09:23:18.966662+00
165,165,CMA CGM,MAEU2269221,2026-07-31,2026-08-30,,,,RECEIVED_FC,0,2026-09-10 09:23:18.966662+00
166,166,Evergreen,MAEU1062395,2025-11-08,2025-12-12,,,,RECEIVED_FC,0,2026-09-10 09:23:18.966662+00
167,167,Evergreen,MAEU3096268,2026-06-30,2026-08-11,,,,RECEIVED_FC,0,2026-09-10 09:23:18.966662+00
168,168,CMA CGM,MAEU8198911,2025-11-25,2026-01-03,,,,RECEIVED_FC,0,2026-09-10 09:23:18.966662+00
169,169,Evergreen,MAEU5958074,2026-08-02,2026-09-01,,,,RECEIVED_FC,0,2026-09-10 09:23:18.966662+00
170,170,Maersk,MAEU5618641,2026-05-30,2026-07-08,,,,RECEIVED_FC,0,2026-09-10 09:23:18.966662+00
171,171,Maersk,MAEU5156203,2026-04-15,2026-05-22,,,,RECEIVED_FC,0,2026-09-10 09:23:18.966662+00
172,172,Maersk,MAEU7304683,2026-08-16,2026-09-19,,,,RECEIVED_FC,0,2026-09-10 09:23:18.966662+00
173,173,Evergreen,MAEU3320250,2025-10-17,2025-11-23,,,,RECEIVED_FC,0,2026-09-10 09:23:18.966662+00
174,174,Evergreen,MAEU5471402,2025-11-13,2025-12-27,,,,RECEIVED_FC,0,2026-09-10 09:23:18.966662+00
175,175,Evergreen,MAEU4166439,2026-05-29,2026-07-07,,,,RECEIVED_FC,0,2026-09-10 09:23:18.966662+00
176,176,CMA CGM,MAEU3472080,2026-05-29,2026-06-25,,,,RECEIVED_FC,0,2026-09-10 09:23:18.966662+00
177,177,CMA CGM,MAEU5151114,2025-11-27,2025-12-29,,,,RECEIVED_FC,0,2026-09-10 09:23:18.966662+00
178,178,CMA CGM,MAEU8602509,2026-02-16,2026-03-19,,,,RECEIVED_FC,0,2026-09-10 09:23:18.966662+00
179,179,ONE,MAEU8649580,2026-03-21,2026-04-20,,,,RECEIVED_FC,0,2026-09-10 09:23:18.966662+00
180,180,Evergreen,MAEU7232955,2026-07-25,2026-08-24,,,,RECEIVED_FC,0,2026-09-10 09:23:18.966662+00
181,181,Maersk,MAEU7300543,2026-06-26,2026-07-30,,,,RECEIVED_FC,0,2026-09-10 09:23:18.966662+00
182,182,CMA CGM,MAEU7401854,2026-02-19,2026-03-22,,,,RECEIVED_FC,0,2026-09-10 09:23:18.966662+00
183,183,Maersk,MAEU3554313,2026-07-03,2026-07-30,,,,RECEIVED_FC,0,2026-09-10 09:23:18.966662+00
184,184,ONE,MAEU7421129,2026-01-26,2026-02-25,,,,RECEIVED_FC,0,2026-09-10 09:23:18.966662+00
185,185,ONE,MAEU8283865,2026-07-30,2026-08-29,,,,RECEIVED_FC,0,2026-09-10 09:23:18.966662+00
186,186,ONE,MAEU9781914,2026-06-23,2026-08-01,,,,RECEIVED_FC,0,2026-09-10 09:23:18.966662+00
187,187,Evergreen,MAEU5002094,2026-02-28,2026-03-25,,,,RECEIVED_FC,0,2026-09-10 09:23:18.966662+00
188,188,Maersk,MAEU1455189,2026-07-30,2026-09-12,,,,RECEIVED_FC,0,2026-09-10 09:23:18.966662+00
189,189,Maersk,MAEU9689612,2025-12-28,2026-01-24,,,,RECEIVED_FC,0,2026-09-10 09:23:18.966662+00
190,190,Evergreen,MAEU9500239,2026-06-02,2026-07-06,,,,RECEIVED_FC,0,2026-09-10 09:23:18.966662+00
191,191,Evergreen,MAEU7585545,2026-07-19,2026-08-18,,,,RECEIVED_FC,0,2026-09-10 09:23:18.966662+00
192,192,Evergreen,MAEU9585026,2025-11-15,2025-12-29,,,,RECEIVED_FC,0,2026-09-10 09:23:18.966662+00
193,193,Maersk,MAEU9766030,2026-08-01,2026-09-07,,,,RECEIVED_FC,0,2026-09-10 09:23:18.966662+00
194,194,Evergreen,MAEU2101316,2026-03-15,2026-04-16,,,,RECEIVED_FC,0,2026-09-10 09:23:18.966662+00
195,195,Evergreen,MAEU2114220,2026-03-27,2026-05-10,,,,RECEIVED_FC,0,2026-09-10 09:23:18.966662+00
196,196,ONE,MAEU7369353,2025-10-05,2025-11-01,,,,RECEIVED_FC,0,2026-09-10 09:23:18.966662+00
197,197,ONE,MAEU9023210,2025-09-23,2025-10-30,,,,RECEIVED_FC,0,2026-09-10 09:23:18.966662+00
198,198,CMA CGM,MAEU1563601,2025-09-12,2025-10-24,,,,RECEIVED_FC,0,2026-09-10 09:23:18.966662+00
199,199,CMA CGM,MAEU5513684,2026-04-17,2026-05-18,,,,RECEIVED_FC,0,2026-09-10 09:23:18.966662+00
200,200,ONE,MAEU2513725,2025-10-01,2025-11-01,,,,RECEIVED_FC,0,2026-09-10 09:23:18.966662+00
201,201,ONE,MAEU2927686,2026-06-16,2026-07-13,,,,RECEIVED_FC,0,2026-09-10 09:23:18.966662+00
202,202,ONE,MAEU4914822,2025-11-10,2025-12-10,,,,RECEIVED_FC,0,2026-09-10 09:23:18.966662+00
203,203,Evergreen,MAEU4839127,2026-02-04,2026-03-15,,,,RECEIVED_FC,0,2026-09-10 09:23:18.966662+00
204,204,CMA CGM,MAEU2878794,2025-12-17,2026-01-28,,,,RECEIVED_FC,0,2026-09-10 09:23:18.966662+00
205,205,CMA CGM,MAEU6494934,2026-01-18,2026-02-26,,,,RECEIVED_FC,0,2026-09-10 09:23:18.966662+00
206,206,Evergreen,MAEU9546624,2025-09-14,2025-10-16,,,,RECEIVED_FC,0,2026-09-10 09:23:18.966662+00
207,207,ONE,MAEU6320259,2026-07-30,2026-09-12,,,,RECEIVED_FC,0,2026-09-10 09:23:18.966662+00
208,208,Evergreen,MAEU4140720,2026-07-14,2026-08-17,,,,RECEIVED_FC,0,2026-09-10 09:23:18.966662+00
209,209,CMA CGM,MAEU6204732,2025-12-02,2026-01-13,,,,RECEIVED_FC,0,2026-09-10 09:23:18.966662+00
210,210,CMA CGM,MAEU6911394,2026-01-19,2026-02-22,,,,RECEIVED_FC,0,2026-09-10 09:23:18.966662+00
211,211,ONE,MAEU6954768,2026-07-09,2026-08-22,,,,RECEIVED_FC,0,2026-09-10 09:23:18.966662+00
212,212,ONE,MAEU8075928,2026-03-20,2026-04-14,,,,RECEIVED_FC,0,2026-09-10 09:23:18.966662+00
213,213,Evergreen,MAEU3783206,2025-10-19,2025-11-22,,,,RECEIVED_FC,0,2026-09-10 09:23:18.966662+00
214,214,CMA CGM,MAEU5748081,2026-01-08,2026-02-07,,,,RECEIVED_FC,0,2026-09-10 09:23:18.966662+00
215,215,CMA CGM,MAEU2264244,2026-04-11,2026-05-06,,,,RECEIVED_FC,0,2026-09-10 09:23:18.966662+00
216,216,Evergreen,MAEU8275289,2026-05-09,2026-06-08,,,,RECEIVED_FC,0,2026-09-10 09:23:18.966662+00
217,217,CMA CGM,MAEU0532084,2026-03-28,2026-04-27,,,,RECEIVED_FC,0,2026-09-10 09:23:18.966662+00
218,218,CMA CGM,MAEU3340674,2026-01-04,2026-02-15,,,,RECEIVED_FC,0,2026-09-10 09:23:18.966662+00
219,219,CMA CGM,MAEU7761697,2025-12-08,2026-01-08,,,,RECEIVED_FC,0,2026-09-10 09:23:18.966662+00
220,220,Maersk,MAEU3802038,2025-09-16,2025-10-18,,,,RECEIVED_FC,0,2026-09-10 09:23:18.966662+00
221,221,ONE,MAEU4368341,2026-01-20,2026-03-05,,,,RECEIVED_FC,0,2026-09-10 09:23:18.966662+00
222,222,Evergreen,MAEU1303540,2026-03-02,2026-03-27,,,,RECEIVED_FC,0,2026-09-10 09:23:18.966662+00
223,223,Evergreen,MAEU9529221,2026-02-10,2026-03-26,,,,RECEIVED_FC,0,2026-09-10 09:23:18.966662+00
224,224,Maersk,MAEU7976801,2025-12-06,2026-01-07,,,,RECEIVED_FC,0,2026-09-10 09:23:18.966662+00
225,225,Maersk,MAEU6860415,2025-11-29,2025-12-24,,,,RECEIVED_FC,0,2026-09-10 09:23:18.966662+00
226,226,CMA CGM,MAEU6597585,2026-05-10,2026-06-13,,,,RECEIVED_FC,0,2026-09-10 09:23:18.966662+00
227,227,CMA CGM,MAEU7061000,2025-12-31,2026-02-06,,,,RECEIVED_FC,0,2026-09-10 09:23:18.966662+00
228,228,CMA CGM,MAEU4927968,2026-07-29,2026-08-28,,,,RECEIVED_FC,0,2026-09-10 09:23:18.966662+00
229,229,Evergreen,MAEU6551250,2026-02-24,2026-04-02,,,,RECEIVED_FC,0,2026-09-10 09:23:18.966662+00
230,230,Maersk,MAEU9309692,2025-09-21,2025-10-21,,,,RECEIVED_FC,0,2026-09-10 09:23:18.966662+00
231,231,Maersk,MAEU5838749,2026-01-06,2026-02-17,,,,RECEIVED_FC,0,2026-09-10 09:23:18.966662+00
232,232,ONE,MAEU4694075,2025-10-20,2025-11-16,,,,RECEIVED_FC,0,2026-09-10 09:23:18.966662+00
233,233,ONE,MAEU7911612,2026-02-08,2026-03-11,,,,RECEIVED_FC,0,2026-09-10 09:23:18.966662+00
234,234,CMA CGM,MAEU0130443,2026-05-22,2026-06-30,,,,RECEIVED_FC,0,2026-09-10 09:23:18.966662+00
235,235,Maersk,MAEU4402411,2026-02-06,2026-03-10,,,,RECEIVED_FC,0,2026-09-10 09:23:18.966662+00
236,236,ONE,MAEU2060490,2026-06-03,2026-07-03,,,,RECEIVED_FC,0,2026-09-10 09:23:18.966662+00
237,237,Evergreen,MAEU7950762,2025-11-27,2025-12-24,,,,RECEIVED_FC,0,2026-09-10 09:23:18.966662+00
238,238,ONE,MAEU2232940,2026-05-23,2026-06-19,,,,RECEIVED_FC,0,2026-09-10 09:23:18.966662+00
239,239,Maersk,MAEU0727906,2025-11-19,2025-12-31,,,,RECEIVED_FC,0,2026-09-10 09:23:18.966662+00
240,240,Evergreen,MAEU4488191,2026-06-26,2026-07-26,,,,RECEIVED_FC,0,2026-09-10 09:23:18.966662+00
241,241,CMA CGM,MAEU1126639,2025-11-15,2025-12-19,,,,RECEIVED_FC,0,2026-09-10 09:23:18.966662+00
242,242,Maersk,MAEU9112759,2026-06-02,2026-07-02,,,,RECEIVED_FC,0,2026-09-10 09:23:18.966662+00
243,243,Evergreen,MAEU8741625,2025-12-30,2026-01-26,,,,RECEIVED_FC,0,2026-09-10 09:23:18.966662+00
244,244,Evergreen,MAEU1702324,2026-03-13,2026-04-07,,,,RECEIVED_FC,0,2026-09-10 09:23:18.966662+00
245,245,CMA CGM,MAEU8130688,2025-10-06,2025-11-12,,,,RECEIVED_FC,0,2026-09-10 09:23:18.966662+00
246,246,Maersk,MAEU9338353,2026-05-21,2026-06-29,,,,RECEIVED_FC,0,2026-09-10 09:23:18.966662+00
247,247,CMA CGM,MAEU6398827,2026-03-30,2026-04-24,,,,RECEIVED_FC,0,2026-09-10 09:23:18.966662+00
248,248,ONE,MAEU0583609,2026-06-28,2026-08-01,,,,RECEIVED_FC,0,2026-09-10 09:23:18.966662+00
249,249,Evergreen,MAEU9996865,2025-12-24,2026-01-23,,,,RECEIVED_FC,0,2026-09-10 09:23:18.966662+00
250,250,Maersk,MAEU2263033,2026-05-28,2026-06-27,,,,RECEIVED_FC,0,2026-09-10 09:23:18.966662+00
251,251,Maersk,MAEU0228360,2025-10-13,2025-11-16,,,,RECEIVED_FC,0,2026-09-10 09:23:18.966662+00
252,252,Maersk,MAEU9384049,2025-11-14,2025-12-11,,,,RECEIVED_FC,0,2026-09-10 09:23:18.966662+00
253,253,CMA CGM,MAEU2402902,2026-06-17,2026-07-21,,,,RECEIVED_FC,0,2026-09-10 09:23:18.966662+00
254,254,Evergreen,MAEU2609838,2026-08-10,2026-09-16,,,,RECEIVED_FC,0,2026-09-10 09:23:18.966662+00
255,255,Maersk,MAEU8401699,2026-08-16,2026-09-10,,,,RECEIVED_FC,0,2026-09-10 09:23:18.966662+00
256,256,Maersk,MAEU6904408,2026-04-04,2026-05-18,,,,RECEIVED_FC,0,2026-09-10 09:23:18.966662+00
257,257,Maersk,MAEU9897409,2026-05-08,2026-06-19,,,,RECEIVED_FC,0,2026-09-10 09:23:18.966662+00
258,258,Maersk,MAEU8309015,2025-09-17,2025-10-21,,,,RECEIVED_FC,0,2026-09-10 09:23:18.966662+00
259,259,Evergreen,MAEU1989359,2025-09-26,2025-10-28,,,,RECEIVED_FC,0,2026-09-10 09:23:18.966662+00
260,260,CMA CGM,MAEU7993411,2025-11-05,2025-12-14,,,,RECEIVED_FC,0,2026-09-10 09:23:18.966662+00
261,261,CMA CGM,MAEU9932866,2026-03-16,2026-04-19,,,,RECEIVED_FC,0,2026-09-10 09:23:18.966662+00
262,262,ONE,MAEU3579628,2026-05-13,2026-06-16,,,,RECEIVED_FC,0,2026-09-10 09:23:18.966662+00
263,263,Maersk,MAEU0162610,2026-02-27,2026-04-12,,,,RECEIVED_FC,0,2026-09-10 09:23:18.966662+00
264,264,CMA CGM,MAEU5045168,2026-06-27,2026-08-08,,,,RECEIVED_FC,0,2026-09-10 09:23:18.966662+00
265,265,Maersk,MAEU0039889,2026-06-28,2026-07-28,,,,RECEIVED_FC,0,2026-09-10 09:23:18.966662+00
266,266,Evergreen,MAEU7844405,2025-09-14,2025-10-11,,,,RECEIVED_FC,0,2026-09-10 09:23:18.966662+00
267,267,Evergreen,MAEU0229557,2026-02-18,2026-03-24,,,,RECEIVED_FC,0,2026-09-10 09:23:18.966662+00
268,268,ONE,MAEU0932572,2026-04-14,2026-05-14,,,,RECEIVED_FC,0,2026-09-10 09:23:18.966662+00
269,269,ONE,MAEU2124618,2025-11-16,2025-12-11,,,,RECEIVED_FC,0,2026-09-10 09:23:18.966662+00
270,270,Evergreen,MAEU7264167,2026-07-17,2026-08-23,,,,RECEIVED_FC,0,2026-09-10 09:23:18.966662+00
271,271,CMA CGM,MAEU2543626,2026-04-02,2026-04-29,,,,RECEIVED_FC,0,2026-09-10 09:23:18.966662+00
272,272,CMA CGM,MAEU2787755,2026-06-16,2026-07-16,,,,RECEIVED_FC,0,2026-09-10 09:23:18.966662+00
273,273,ONE,MAEU9003126,2025-11-17,2025-12-12,,,,RECEIVED_FC,0,2026-09-10 09:23:18.966662+00
274,274,Evergreen,MAEU1893256,2026-06-30,2026-08-08,,,,RECEIVED_FC,0,2026-09-10 09:23:18.966662+00
275,275,Maersk,MAEU8348847,2026-01-18,2026-02-12,,,,RECEIVED_FC,0,2026-09-10 09:23:18.966662+00
276,276,Evergreen,MAEU7838651,2025-10-19,2025-11-30,,,,RECEIVED_FC,0,2026-09-10 09:23:18.966662+00
277,277,Maersk,MAEU1361239,2025-09-28,2025-10-28,,,,RECEIVED_FC,0,2026-09-10 09:23:18.966662+00
278,278,Maersk,MAEU0882170,2026-08-17,2026-09-13,,,,RECEIVED_FC,0,2026-09-10 09:23:18.966662+00
279,279,ONE,MAEU6702535,2026-03-24,2026-04-23,,,,RECEIVED_FC,0,2026-09-10 09:23:18.966662+00
280,280,Evergreen,MAEU3554324,2026-07-31,2026-09-11,,,,RECEIVED_FC,0,2026-09-10 09:23:18.966662+00
281,281,CMA CGM,MAEU9782484,2025-12-24,2026-01-23,,,,RECEIVED_FC,0,2026-09-10 09:23:18.966662+00
282,282,CMA CGM,MAEU9798698,2026-02-20,2026-03-29,,,,RECEIVED_FC,0,2026-09-10 09:23:18.966662+00
283,283,CMA CGM,MAEU3355536,2026-07-05,2026-08-04,,,,RECEIVED_FC,0,2026-09-10 09:23:18.966662+00
284,284,ONE,MAEU0168343,2026-07-21,2026-08-22,,,,RECEIVED_FC,0,2026-09-10 09:23:18.966662+00
285,285,Evergreen,MAEU6014669,2026-08-09,2026-09-08,,,,RECEIVED_FC,0,2026-09-10 09:23:18.966662+00
286,286,Maersk,MAEU7850242,2026-08-08,2026-09-09,,,,RECEIVED_FC,0,2026-09-10 09:23:18.966662+00
287,287,Maersk,MAEU9394090,2025-12-24,2026-01-20,,,,RECEIVED_FC,0,2026-09-10 09:23:18.966662+00
288,288,CMA CGM,MAEU3145236,2026-04-28,2026-05-23,,,,RECEIVED_FC,0,2026-09-10 09:23:18.966662+00
289,289,CMA CGM,MAEU5910772,2026-04-02,2026-05-02,,,,RECEIVED_FC,0,2026-09-10 09:23:18.966662+00
290,290,CMA CGM,MAEU7936764,2026-05-02,2026-06-01,,,,RECEIVED_FC,0,2026-09-10 09:23:18.966662+00
291,291,Maersk,MAEU0390806,2025-10-03,2025-11-11,,,,RECEIVED_FC,0,2026-09-10 09:23:18.966662+00
292,292,CMA CGM,MAEU7280187,2026-03-15,2026-04-14,,,,RECEIVED_FC,0,2026-09-10 09:23:18.966662+00
293,293,CMA CGM,MAEU7745947,2025-12-10,2026-01-18,,,,RECEIVED_FC,0,2026-09-10 09:23:18.966662+00
294,294,CMA CGM,MAEU8148045,2026-04-24,2026-05-19,,,,RECEIVED_FC,0,2026-09-10 09:23:18.966662+00
295,295,CMA CGM,MAEU8884059,2026-08-02,2026-09-02,,,,RECEIVED_FC,0,2026-09-10 09:23:18.966662+00
296,296,Maersk,MAEU9849861,2025-09-23,2025-10-23,,,,RECEIVED_FC,0,2026-09-10 09:23:18.966662+00
297,297,ONE,MAEU3054341,2025-10-29,2025-12-12,,,,RECEIVED_FC,0,2026-09-10 09:23:18.966662+00
298,298,Evergreen,MAEU4974053,2026-04-06,2026-05-06,,,,RECEIVED_FC,0,2026-09-10 09:23:18.966662+00
299,299,Evergreen,MAEU8453241,2026-08-16,2026-09-24,,,,RECEIVED_FC,0,2026-09-10 09:23:18.966662+00
300,300,CMA CGM,MAEU2876397,2025-10-04,2025-10-29,,,,RECEIVED_FC,0,2026-09-10 09:23:18.966662+00
301,301,ONE,MAEU0478816,2026-04-03,2026-05-10,,,,RECEIVED_FC,0,2026-09-10 09:23:18.966662+00
302,302,Maersk,MAEU5291560,2026-06-01,2026-07-10,,,,RECEIVED_FC,0,2026-09-10 09:23:18.966662+00
303,303,Maersk,MAEU5060431,2026-01-09,2026-02-03,,,,RECEIVED_FC,0,2026-09-10 09:23:18.966662+00
304,304,ONE,MAEU2156399,2025-10-26,2025-11-20,,,,RECEIVED_FC,0,2026-09-10 09:23:18.966662+00
305,305,Evergreen,MAEU2461928,2025-12-21,2026-01-20,,,,RECEIVED_FC,0,2026-09-10 09:23:18.966662+00
306,306,CMA CGM,MAEU5366082,2025-11-04,2025-12-04,,,,RECEIVED_FC,0,2026-09-10 09:23:18.966662+00
307,307,Evergreen,MAEU8935537,2026-06-11,2026-07-18,,,,RECEIVED_FC,0,2026-09-10 09:23:18.966662+00
308,308,ONE,MAEU1363019,2026-06-26,2026-07-23,,,,RECEIVED_FC,0,2026-09-10 09:23:18.966662+00
309,309,ONE,MAEU5047599,2025-12-27,2026-01-21,,,,RECEIVED_FC,0,2026-09-10 09:23:18.966662+00
310,310,CMA CGM,MAEU5972901,2025-12-28,2026-01-31,,,,RECEIVED_FC,0,2026-09-10 09:23:18.966662+00
311,311,ONE,MAEU2321137,2026-05-30,2026-07-03,,,,RECEIVED_FC,0,2026-09-10 09:23:18.966662+00
312,312,CMA CGM,MAEU8806438,2026-01-13,2026-02-09,,,,RECEIVED_FC,0,2026-09-10 09:23:18.966662+00
313,313,ONE,MAEU2817435,2026-06-13,2026-07-10,,,,RECEIVED_FC,0,2026-09-10 09:23:18.966662+00
314,314,Maersk,MAEU3549199,2026-04-04,2026-05-08,,,,RECEIVED_FC,0,2026-09-10 09:23:18.966662+00
315,315,Evergreen,MAEU5481583,2026-03-09,2026-04-15,,,,RECEIVED_FC,0,2026-09-10 09:23:18.966662+00
316,316,Evergreen,MAEU4656103,2026-06-02,2026-07-04,,,,RECEIVED_FC,0,2026-09-10 09:23:18.966662+00
317,317,Evergreen,MAEU5557342,2026-07-27,2026-08-21,,,,RECEIVED_FC,0,2026-09-10 09:23:18.966662+00
318,318,Maersk,MAEU4150175,2025-09-13,2025-10-17,,,,RECEIVED_FC,0,2026-09-10 09:23:18.966662+00
319,319,CMA CGM,MAEU6197399,2026-06-14,2026-07-09,,,,RECEIVED_FC,0,2026-09-10 09:23:18.966662+00
320,320,Maersk,MAEU2563312,2025-10-02,2025-11-02,,,,RECEIVED_FC,0,2026-09-10 09:23:18.966662+00
321,321,ONE,MAEU6681359,2026-06-18,2026-07-13,,,,RECEIVED_FC,0,2026-09-10 09:23:18.966662+00
322,322,Evergreen,MAEU6343463,2026-05-20,2026-06-23,,,,RECEIVED_FC,0,2026-09-10 09:23:18.966662+00
323,323,ONE,MAEU2990811,2026-08-17,2026-09-30,,,,RECEIVED_FC,0,2026-09-10 09:23:18.966662+00
324,324,Evergreen,MAEU2643249,2026-01-06,2026-02-17,,,,RECEIVED_FC,0,2026-09-10 09:23:18.966662+00
325,325,CMA CGM,MAEU4699557,2026-04-17,2026-05-14,,,,RECEIVED_FC,0,2026-09-10 09:23:18.966662+00
326,326,ONE,MAEU8597277,2025-11-27,2025-12-27,,,,RECEIVED_FC,0,2026-09-10 09:23:18.966662+00
327,327,Maersk,MAEU2088979,2026-02-22,2026-03-26,,,,RECEIVED_FC,0,2026-09-10 09:23:18.966662+00
328,328,Maersk,MAEU3611716,2025-11-01,2025-12-02,,,,RECEIVED_FC,0,2026-09-10 09:23:18.966662+00
329,329,Maersk,MAEU6518806,2025-11-13,2025-12-22,,,,RECEIVED_FC,0,2026-09-10 09:23:18.966662+00
330,330,Evergreen,MAEU6631508,2026-02-22,2026-03-19,,,,RECEIVED_FC,0,2026-09-10 09:23:18.966662+00
331,331,CMA CGM,MAEU3310530,2025-10-29,2025-11-23,,,,RECEIVED_FC,0,2026-09-10 09:23:18.966662+00
332,332,CMA CGM,MAEU5892606,2025-12-18,2026-01-18,,,,RECEIVED_FC,0,2026-09-10 09:23:18.966662+00
333,333,ONE,MAEU9259639,2026-03-03,2026-04-06,,,,RECEIVED_FC,0,2026-09-10 09:23:18.966662+00
334,334,Maersk,MAEU6799436,2026-03-06,2026-04-02,,,,RECEIVED_FC,0,2026-09-10 09:23:18.966662+00
335,335,CMA CGM,MAEU8219196,2025-10-08,2025-11-07,,,,RECEIVED_FC,0,2026-09-10 09:23:18.966662+00
336,336,CMA CGM,MAEU4732396,2026-02-24,2026-04-02,,,,RECEIVED_FC,0,2026-09-10 09:23:18.966662+00
337,337,CMA CGM,MAEU6266776,2025-12-12,2026-01-11,,,,RECEIVED_FC,0,2026-09-10 09:23:18.966662+00
338,338,Maersk,MAEU9583035,2026-02-10,2026-03-16,,,,RECEIVED_FC,0,2026-09-10 09:23:18.966662+00
339,339,Evergreen,MAEU6628576,2026-06-10,2026-07-11,,,,RECEIVED_FC,0,2026-09-10 09:23:18.966662+00
340,340,CMA CGM,MAEU1093217,2026-06-13,2026-07-13,,,,RECEIVED_FC,0,2026-09-10 09:23:18.966662+00
341,341,Maersk,MAEU1594820,2026-08-15,2026-09-09,,,,RECEIVED_FC,0,2026-09-10 09:23:18.966662+00
342,342,CMA CGM,MAEU1706072,2026-04-12,2026-05-14,,,,RECEIVED_FC,0,2026-09-10 09:23:18.966662+00
343,343,Maersk,MAEU9208726,2026-01-28,2026-03-08,,,,RECEIVED_FC,0,2026-09-10 09:23:18.966662+00
344,344,CMA CGM,MAEU2912704,2026-05-18,2026-07-01,,,,RECEIVED_FC,0,2026-09-10 09:23:18.966662+00
345,345,ONE,MAEU1975434,2025-11-19,2025-12-23,,,,RECEIVED_FC,0,2026-09-10 09:23:18.966662+00
346,346,Maersk,MAEU0959624,2026-05-10,2026-06-09,,,,RECEIVED_FC,0,2026-09-10 09:23:18.966662+00
347,347,CMA CGM,MAEU5590184,2026-04-11,2026-05-12,,,,RECEIVED_FC,0,2026-09-10 09:23:18.966662+00
348,348,Maersk,MAEU3444846,2026-08-10,2026-09-13,,,,RECEIVED_FC,0,2026-09-10 09:23:18.966662+00
349,349,Maersk,MAEU6169255,2026-02-27,2026-04-12,,,,RECEIVED_FC,0,2026-09-10 09:23:18.966662+00
350,350,CMA CGM,MAEU8380263,2025-10-16,2025-11-17,,,,RECEIVED_FC,0,2026-09-10 09:23:18.966662+00
351,351,Evergreen,MAEU1996165,2026-07-20,2026-09-02,,,,RECEIVED_FC,0,2026-09-10 09:23:18.966662+00
352,352,Evergreen,MAEU1964806,2026-02-12,2026-03-23,,,,RECEIVED_FC,0,2026-09-10 09:23:18.966662+00
353,353,Maersk,MAEU1621605,2025-10-28,2025-12-01,,,,RECEIVED_FC,0,2026-09-10 09:23:18.966662+00
354,354,CMA CGM,MAEU0823239,2026-06-09,2026-07-04,,,,RECEIVED_FC,0,2026-09-10 09:23:18.966662+00
355,355,CMA CGM,MAEU2494574,2025-12-27,2026-02-02,,,,RECEIVED_FC,0,2026-09-10 09:23:18.966662+00
356,356,CMA CGM,MAEU4345733,2026-07-21,2026-09-01,,,,RECEIVED_FC,0,2026-09-10 09:23:18.966662+00
357,357,Maersk,MAEU2853594,2025-10-29,2025-12-12,,,,RECEIVED_FC,0,2026-09-10 09:23:18.966662+00
358,358,ONE,MAEU5094522,2025-09-25,2025-11-03,,,,RECEIVED_FC,0,2026-09-10 09:23:18.966662+00
359,359,Evergreen,MAEU4885464,2026-07-29,2026-08-25,,,,RECEIVED_FC,0,2026-09-10 09:23:18.966662+00
360,360,Evergreen,MAEU5214644,2025-10-06,2025-11-14,,,,RECEIVED_FC,0,2026-09-10 09:23:18.966662+00
361,361,CMA CGM,MAEU6938325,2026-01-19,2026-02-22,,,,RECEIVED_FC,0,2026-09-10 09:23:18.966662+00
362,362,CMA CGM,MAEU9745251,2026-06-13,2026-07-27,,,,RECEIVED_FC,0,2026-09-10 09:23:18.966662+00
363,363,Evergreen,MAEU5741127,2026-06-21,2026-07-16,,,,RECEIVED_FC,0,2026-09-10 09:23:18.966662+00
364,364,Maersk,MAEU0080463,2026-02-09,2026-03-18,,,,RECEIVED_FC,0,2026-09-10 09:23:18.966662+00
365,365,Maersk,MAEU1820335,2025-10-21,2025-12-02,,,,RECEIVED_FC,0,2026-09-10 09:23:18.966662+00
366,366,CMA CGM,MAEU8912925,2026-04-10,2026-05-19,,,,RECEIVED_FC,0,2026-09-10 09:23:18.966662+00
367,367,CMA CGM,MAEU1336670,2026-01-03,2026-02-16,,,,RECEIVED_FC,0,2026-09-10 09:23:18.966662+00
368,368,Evergreen,MAEU3099577,2026-07-15,2026-08-14,,,,RECEIVED_FC,0,2026-09-10 09:23:18.966662+00
369,369,Maersk,MAEU7345456,2026-01-02,2026-01-29,,,,RECEIVED_FC,0,2026-09-10 09:23:18.966662+00
370,370,CMA CGM,MAEU9029736,2026-06-30,2026-07-27,,,,RECEIVED_FC,0,2026-09-10 09:23:18.966662+00
371,371,CMA CGM,MAEU2882642,2026-03-10,2026-04-16,,,,RECEIVED_FC,0,2026-09-10 09:23:18.966662+00
372,372,ONE,MAEU2267527,2026-07-29,2026-08-29,,,,RECEIVED_FC,0,2026-09-10 09:23:18.966662+00
373,373,Maersk,MAEU3367489,2026-01-17,2026-02-13,,,,RECEIVED_FC,0,2026-09-10 09:23:18.966662+00
374,374,Maersk,MAEU5603191,2025-09-16,2025-10-16,,,,RECEIVED_FC,0,2026-09-10 09:23:18.966662+00
375,375,ONE,MAEU6361068,2026-01-04,2026-02-03,,,,RECEIVED_FC,0,2026-09-10 09:23:18.966662+00
376,376,ONE,MAEU1965746,2026-02-01,2026-03-12,,,,RECEIVED_FC,0,2026-09-10 09:23:18.966662+00
377,377,Maersk,MAEU5107013,2026-03-14,2026-04-13,,,,RECEIVED_FC,0,2026-09-10 09:23:18.966662+00
378,378,Evergreen,MAEU2557935,2026-05-28,2026-07-01,,,,RECEIVED_FC,0,2026-09-10 09:23:18.966662+00
379,379,ONE,MAEU8366887,2026-01-18,2026-02-18,,,,RECEIVED_FC,0,2026-09-10 09:23:18.966662+00
380,380,Maersk,MAEU4101137,2026-06-15,2026-07-16,,,,RECEIVED_FC,0,2026-09-10 09:23:18.966662+00
381,381,Maersk,MAEU9144626,2025-10-02,2025-11-15,,,,RECEIVED_FC,0,2026-09-10 09:23:18.966662+00
382,382,ONE,MAEU0699741,2026-05-14,2026-06-10,,,,RECEIVED_FC,0,2026-09-10 09:23:18.966662+00
383,383,ONE,MAEU6358703,2026-03-03,2026-04-16,,,,RECEIVED_FC,0,2026-09-10 09:23:18.966662+00
384,384,Maersk,MAEU1718673,2026-07-07,2026-08-10,,,,RECEIVED_FC,0,2026-09-10 09:23:18.966662+00
385,385,ONE,MAEU9114406,2026-06-13,2026-07-22,,,,RECEIVED_FC,0,2026-09-10 09:23:18.966662+00
386,386,Evergreen,MAEU1372405,2026-05-09,2026-06-09,,,,RECEIVED_FC,0,2026-09-10 09:23:18.966662+00
387,387,ONE,MAEU3322269,2026-06-14,2026-07-18,,,,RECEIVED_FC,0,2026-09-10 09:23:18.966662+00
388,388,Maersk,MAEU8325746,2026-08-05,2026-09-04,,,,RECEIVED_FC,0,2026-09-10 09:23:18.966662+00
389,389,CMA CGM,MAEU7116440,2025-10-25,2025-11-28,,,,RECEIVED_FC,0,2026-09-10 09:23:18.966662+00
390,390,CMA CGM,MAEU9372147,2025-09-29,2025-10-24,,,,RECEIVED_FC,0,2026-09-10 09:23:18.966662+00
391,391,ONE,MAEU0533656,2026-02-20,2026-03-26,,,,RECEIVED_FC,0,2026-09-10 09:23:18.966662+00
392,392,ONE,MAEU6711036,2025-10-11,2025-11-05,,,,RECEIVED_FC,0,2026-09-10 09:23:18.966662+00
393,393,CMA CGM,MAEU8736315,2026-08-05,2026-09-06,,,,RECEIVED_FC,0,2026-09-10 09:23:18.966662+00
394,394,ONE,MAEU5626969,2026-07-25,2026-08-31,,,,RECEIVED_FC,0,2026-09-10 09:23:18.966662+00
395,395,Evergreen,MAEU5023051,2025-11-27,2025-12-31,,,,RECEIVED_FC,0,2026-09-10 09:23:18.966662+00
396,396,CMA CGM,MAEU9047397,2026-05-20,2026-06-20,,,,RECEIVED_FC,0,2026-09-10 09:23:18.966662+00
397,397,CMA CGM,MAEU4118249,2026-01-03,2026-02-16,,,,RECEIVED_FC,0,2026-09-10 09:23:18.966662+00
398,398,CMA CGM,MAEU1664873,2026-06-10,2026-07-07,,,,RECEIVED_FC,0,2026-09-10 09:23:18.966662+00
399,399,Maersk,MAEU6603601,2026-01-27,2026-02-27,,,,RECEIVED_FC,0,2026-09-10 09:23:18.966662+00
400,400,ONE,MAEU9010587,2026-07-10,2026-08-09,,,,RECEIVED_FC,0,2026-09-10 09:23:18.966662+00
401,401,CMA CGM,MAEU1589187,2026-07-23,2026-08-17,,,,RECEIVED_FC,0,2026-09-10 09:23:18.966662+00
402,402,Maersk,MAEU8993010,2026-08-15,2026-09-14,,,,RECEIVED_FC,0,2026-09-10 09:23:18.966662+00
403,403,Maersk,MAEU9372940,2026-03-10,2026-04-09,,,,RECEIVED_FC,0,2026-09-10 09:23:18.966662+00
404,404,Evergreen,MAEU4506041,2026-02-19,2026-04-02,,,,RECEIVED_FC,0,2026-09-10 09:23:18.966662+00
405,405,Maersk,MAEU9790247,2026-04-11,2026-05-20,,,,RECEIVED_FC,0,2026-09-10 09:23:18.966662+00
406,406,CMA CGM,MAEU9968813,2025-11-08,2025-12-20,,,,RECEIVED_FC,0,2026-09-10 09:23:18.966662+00
407,407,Evergreen,MAEU7475331,2025-11-30,2026-01-03,,,,RECEIVED_FC,0,2026-09-10 09:23:18.966662+00
408,408,ONE,MAEU1656354,2026-02-17,2026-03-28,,,,RECEIVED_FC,0,2026-09-10 09:23:18.966662+00
409,409,Maersk,MAEU9288491,2025-12-30,2026-02-02,,,,RECEIVED_FC,0,2026-09-10 09:23:18.966662+00
410,410,Maersk,MAEU7255628,2026-01-13,2026-02-21,,,,RECEIVED_FC,0,2026-09-10 09:23:18.966662+00
411,411,Maersk,MAEU0951359,2026-01-13,2026-02-12,,,,RECEIVED_FC,0,2026-09-10 09:23:18.966662+00
412,412,Maersk,MAEU3725190,2025-10-12,2025-11-15,,,,RECEIVED_FC,0,2026-09-10 09:23:18.966662+00
413,413,Evergreen,MAEU8129998,2026-02-15,2026-03-29,,,,RECEIVED_FC,0,2026-09-10 09:23:18.966662+00
414,414,CMA CGM,MAEU1773163,2025-09-25,2025-10-22,,,,RECEIVED_FC,0,2026-09-10 09:23:18.966662+00
415,415,Evergreen,MAEU9313303,2026-05-12,2026-06-08,,,,RECEIVED_FC,0,2026-09-10 09:23:18.966662+00
416,416,CMA CGM,MAEU9263246,2025-11-12,2025-12-14,,,,RECEIVED_FC,0,2026-09-10 09:23:18.966662+00
417,417,Evergreen,MAEU3595188,2026-05-09,2026-06-10,,,,RECEIVED_FC,0,2026-09-10 09:23:18.966662+00
418,418,Evergreen,MAEU2654392,2026-03-29,2026-04-30,,,,RECEIVED_FC,0,2026-09-10 09:23:18.966662+00
419,419,Maersk,MAEU3788727,2025-11-01,2025-12-05,,,,RECEIVED_FC,0,2026-09-10 09:23:18.966662+00
420,420,Maersk,MAEU7612519,2026-02-15,2026-03-12,,,,RECEIVED_FC,0,2026-09-10 09:23:18.966662+00
421,421,CMA CGM,MAEU6538942,2026-01-04,2026-01-29,,,,RECEIVED_FC,0,2026-09-10 09:23:18.966662+00
422,422,CMA CGM,MAEU4823927,2025-11-16,2025-12-17,,,,RECEIVED_FC,0,2026-09-10 09:23:18.966662+00
423,423,Maersk,MAEU3942299,2026-03-13,2026-04-12,,,,RECEIVED_FC,0,2026-09-10 09:23:18.966662+00
424,424,Evergreen,MAEU4638947,2026-06-01,2026-07-10,,,,RECEIVED_FC,0,2026-09-10 09:23:18.966662+00
425,425,Maersk,MAEU2111667,2026-05-08,2026-06-16,,,,RECEIVED_FC,0,2026-09-10 09:23:18.966662+00
426,426,Maersk,MAEU7208023,2026-04-30,2026-05-25,,,,RECEIVED_FC,0,2026-09-10 09:23:18.966662+00
427,427,Maersk,MAEU4108839,2025-12-10,2026-01-09,,,,RECEIVED_FC,0,2026-09-10 09:23:18.966662+00
428,428,Maersk,MAEU9102539,2026-06-23,2026-07-27,,,,RECEIVED_FC,0,2026-09-10 09:23:18.966662+00
429,429,CMA CGM,MAEU4349578,2026-03-10,2026-04-06,,,,RECEIVED_FC,0,2026-09-10 09:23:18.966662+00
430,430,CMA CGM,MAEU3774675,2026-07-14,2026-08-22,,,,RECEIVED_FC,0,2026-09-10 09:23:18.966662+00
431,431,ONE,MAEU4859895,2026-04-29,2026-06-02,,,,RECEIVED_FC,0,2026-09-10 09:23:18.966662+00
432,432,CMA CGM,MAEU6178169,2025-12-15,2026-01-23,,,,RECEIVED_FC,0,2026-09-10 09:23:18.966662+00
433,433,Maersk,MAEU1492117,2026-03-06,2026-04-17,,,,RECEIVED_FC,0,2026-09-10 09:23:18.966662+00
434,434,CMA CGM,MAEU7652119,2026-03-03,2026-04-06,,,,RECEIVED_FC,0,2026-09-10 09:23:18.966662+00
435,435,ONE,MAEU8969889,2026-08-09,2026-09-08,,,,RECEIVED_FC,0,2026-09-10 09:23:18.966662+00
436,436,ONE,MAEU1061158,2026-06-15,2026-07-17,,,,RECEIVED_FC,0,2026-09-10 09:23:18.966662+00
437,437,Evergreen,MAEU3732440,2026-06-29,2026-07-24,,,,RECEIVED_FC,0,2026-09-10 09:23:18.966662+00
438,438,Evergreen,MAEU0868375,2026-06-14,2026-07-16,,,,RECEIVED_FC,0,2026-09-10 09:23:18.966662+00
439,439,Evergreen,MAEU5944214,2026-01-01,2026-02-07,,,,RECEIVED_FC,0,2026-09-10 09:23:18.966662+00
440,440,Evergreen,MAEU9709963,2026-05-09,2026-06-03,,,,RECEIVED_FC,0,2026-09-10 09:23:18.966662+00
441,441,Evergreen,MAEU1343407,2026-08-12,2026-09-08,,,,RECEIVED_FC,0,2026-09-10 09:23:18.966662+00
442,442,ONE,MAEU9753861,2026-04-02,2026-05-16,,,,RECEIVED_FC,0,2026-09-10 09:23:18.966662+00
443,443,ONE,MAEU3799737,2026-02-17,2026-03-28,,,,RECEIVED_FC,0,2026-09-10 09:23:18.966662+00
444,444,ONE,MAEU4609929,2026-01-13,2026-02-07,,,,RECEIVED_FC,0,2026-09-10 09:23:18.966662+00
445,445,ONE,MAEU0476161,2025-09-15,2025-10-16,,,,RECEIVED_FC,0,2026-09-10 09:23:18.966662+00
446,446,ONE,MAEU4482600,2026-03-25,2026-04-28,,,,RECEIVED_FC,0,2026-09-10 09:23:18.966662+00
447,447,ONE,MAEU8284785,2026-08-20,2026-09-16,,,,RECEIVED_FC,0,2026-09-10 09:23:18.966662+00
448,448,Evergreen,MAEU9533520,2026-07-25,2026-08-28,,,,RECEIVED_FC,0,2026-09-10 09:23:18.966662+00
449,449,Maersk,MAEU5300685,2025-11-20,2025-12-15,,,,RECEIVED_FC,0,2026-09-10 09:23:18.966662+00
450,450,Maersk,MAEU6402694,2025-10-18,2025-11-21,,,,RECEIVED_FC,0,2026-09-10 09:23:18.966662+00
451,451,CMA CGM,MAEU9997992,2026-08-10,2026-09-13,,,,RECEIVED_FC,0,2026-09-10 09:23:18.966662+00
452,452,ONE,MAEU3688495,2026-01-06,2026-02-12,,,,RECEIVED_FC,0,2026-09-10 09:23:18.966662+00
453,453,Maersk,MAEU6935354,2026-04-27,2026-05-31,,,,RECEIVED_FC,0,2026-09-10 09:23:18.966662+00
454,454,Maersk,MAEU6338236,2025-12-14,2026-01-10,,,,RECEIVED_FC,0,2026-09-10 09:23:18.966662+00
455,455,Evergreen,MAEU3133112,2026-05-03,2026-06-14,,,,RECEIVED_FC,0,2026-09-10 09:23:18.966662+00
456,456,Evergreen,MAEU5870658,2025-10-14,2025-11-13,,,,RECEIVED_FC,0,2026-09-10 09:23:18.966662+00
457,457,CMA CGM,MAEU3714304,2025-09-28,2025-11-06,,,,RECEIVED_FC,0,2026-09-10 09:23:18.966662+00
458,458,ONE,MAEU0493568,2025-10-14,2025-11-20,,,,RECEIVED_FC,0,2026-09-10 09:23:18.966662+00
459,459,Maersk,MAEU3166740,2026-02-28,2026-03-31,,,,RECEIVED_FC,0,2026-09-10 09:23:18.966662+00
460,460,CMA CGM,MAEU2505891,2026-04-27,2026-06-03,,,,RECEIVED_FC,0,2026-09-10 09:23:18.966662+00
461,461,CMA CGM,MAEU5160784,2026-06-15,2026-07-24,,,,RECEIVED_FC,0,2026-09-10 09:23:18.966662+00
462,462,CMA CGM,MAEU7929024,2026-01-14,2026-02-17,,,,RECEIVED_FC,0,2026-09-10 09:23:18.966662+00
463,463,CMA CGM,MAEU9963329,2025-10-11,2025-11-14,,,,RECEIVED_FC,0,2026-09-10 09:23:18.966662+00
464,464,Evergreen,MAEU6440260,2026-04-24,2026-05-26,,,,RECEIVED_FC,0,2026-09-10 09:23:18.966662+00
465,465,CMA CGM,MAEU9949578,2026-07-09,2026-08-12,,,,RECEIVED_FC,0,2026-09-10 09:23:18.966662+00
466,466,Maersk,MAEU8388360,2026-04-11,2026-05-25,,,,RECEIVED_FC,0,2026-09-10 09:23:18.966662+00
467,467,CMA CGM,MAEU8567107,2026-05-25,2026-07-08,,,,RECEIVED_FC,0,2026-09-10 09:23:18.966662+00
468,468,Evergreen,MAEU4914582,2026-04-27,2026-06-03,,,,RECEIVED_FC,0,2026-09-10 09:23:18.966662+00
469,469,Maersk,MAEU3608744,2025-10-27,2025-11-21,,,,RECEIVED_FC,0,2026-09-10 09:23:18.966662+00
470,470,Maersk,MAEU6153488,2025-10-16,2025-11-19,,,,RECEIVED_FC,0,2026-09-10 09:23:18.966662+00
471,471,ONE,MAEU3252598,2025-11-22,2025-12-31,,,,RECEIVED_FC,0,2026-09-10 09:23:18.966662+00
472,472,ONE,MAEU5574167,2026-06-07,2026-07-04,,,,RECEIVED_FC,0,2026-09-10 09:23:18.966662+00
473,473,Evergreen,MAEU5257590,2026-04-17,2026-05-12,,,,RECEIVED_FC,0,2026-09-10 09:23:18.966662+00
474,474,Maersk,MAEU2494293,2026-03-09,2026-04-12,,,,RECEIVED_FC,0,2026-09-10 09:23:18.966662+00
475,475,CMA CGM,MAEU1949165,2026-08-14,2026-09-20,,,,RECEIVED_FC,0,2026-09-10 09:23:18.966662+00
476,476,Evergreen,MAEU1639629,2026-04-19,2026-05-19,,,,RECEIVED_FC,0,2026-09-10 09:23:18.966662+00
477,477,Maersk,MAEU1277868,2025-09-30,2025-11-13,,,,RECEIVED_FC,0,2026-09-10 09:23:18.966662+00
478,478,Evergreen,MAEU0735089,2026-05-13,2026-06-26,,,,RECEIVED_FC,0,2026-09-10 09:23:18.966662+00
479,479,ONE,MAEU1287614,2026-08-19,2026-09-20,,,,RECEIVED_FC,0,2026-09-10 09:23:18.966662+00
480,480,CMA CGM,MAEU9737065,2026-01-23,2026-03-03,,,,RECEIVED_FC,0,2026-09-10 09:23:18.966662+00
481,481,Evergreen,MAEU3319413,2026-08-07,2026-09-07,2026-09-11,HIGH,"P80 of 33 shipments VNSGN→FC-PAT from CUSTOMS_CLEARED: 5.2 d (P50 3.6 d), milestone on 2026-09-03",CUSTOMS_CLEARED,2,2026-09-10 09:23:25.627738+00
482,482,ONE,MAEU8077363,2026-09-06,2026-10-10,2026-10-09,MEDIUM,"P80 of 34 shipments MYPKG→FC-PAT from DEPARTED_ORIGIN: 32.6 d (P50 29.0 d), milestone on 2026-09-06",DEPARTED_ORIGIN,2,2026-09-10 09:23:25.635835+00
483,483,CMA CGM,MAEU5197472,2026-08-15,2026-09-18,2026-09-13,HIGH,"P80 of 34 shipments MYPKG→FC-PAT from CUSTOMS_CLEARED: 5.9 d (P50 4.1 d), milestone on 2026-09-07",CUSTOMS_CLEARED,2,2026-09-10 09:23:25.640398+00
484,484,Maersk,MAEU1860149,2026-09-19,2026-10-23,2026-10-23,LOW,No milestone received yet; using carrier plan 2026-10-23,BOOKED,1,2026-09-10 09:23:20.31206+00
485,485,ONE,MAEU4711860,2026-09-14,2026-10-18,2026-10-17,MEDIUM,"P80 of 34 shipments MYPKG→FC-PAT from BOOKED: 36.7 d (P50 33.5 d), milestone on 2026-09-10",BOOKED,2,2026-09-10 09:23:25.661885+00
486,486,Evergreen,MAEU2329725,2026-08-27,2026-10-08,2026-10-09,MEDIUM,"P80 of 31 shipments VNSGN→FC-JAX from DEPARTED_ORIGIN: 42.9 d (P50 37.1 d), milestone on 2026-08-27",DEPARTED_ORIGIN,2,2026-09-10 09:23:25.666746+00
487,487,Maersk,MAEU3795692,2026-09-08,2026-10-08,2026-10-07,MEDIUM,"P80 of 47 shipments CNSHA→FC-CAL from DEPARTED_ORIGIN: 28.0 d (P50 24.9 d), milestone on 2026-09-08",DEPARTED_ORIGIN,2,2026-09-10 09:23:25.67403+00
488,488,Maersk,MAEU6038228,2026-09-01,2026-10-08,2026-10-11,MEDIUM,"P80 of 38 shipments MYPKG→FC-CAL from DEPARTED_ORIGIN: 39.1 d (P50 33.6 d), milestone on 2026-09-01",DEPARTED_ORIGIN,2,2026-09-10 09:23:25.679192+00
489,489,Evergreen,MAEU0383666,2026-09-11,2026-10-08,2026-10-10,MEDIUM,"P80 of 49 shipments CNSHA→FC-PAT from BOOKED: 31.9 d (P50 27.9 d), milestone on 2026-09-08",BOOKED,2,2026-09-10 09:23:25.687063+00
490,490,CMA CGM,MAEU3641509,2026-08-25,2026-10-03,2026-10-05,MEDIUM,"P80 of 51 shipments CNSHA→FC-JAX from DEPARTED_ORIGIN: 40.1 d (P50 35.9 d), milestone on 2026-08-25",DEPARTED_ORIGIN,2,2026-09-10 09:23:25.691594+00
491,491,Evergreen,MAEU6951998,2026-08-11,2026-09-19,2026-09-15,HIGH,"P80 of 51 shipments CNSHA→FC-JAX from CUSTOMS_CLEARED: 5.9 d (P50 5.0 d), milestone on 2026-09-09",CUSTOMS_CLEARED,2,2026-09-10 09:23:25.705954+00
492,492,ONE,MAEU9059534,2026-08-23,2026-09-24,2026-09-24,MEDIUM,"P80 of 33 shipments MYPKG→FC-RIC from DEPARTED_ORIGIN: 31.5 d (P50 27.9 d), milestone on 2026-08-23",DEPARTED_ORIGIN,2,2026-09-10 09:23:25.71579+00
493,493,CMA CGM,MAEU1417499,2026-09-14,2026-10-16,2026-10-15,MEDIUM,"P80 of 33 shipments MYPKG→FC-RIC from BOOKED: 36.6 d (P50 32.2 d), milestone on 2026-09-08",BOOKED,2,2026-09-10 09:23:25.726218+00
494,494,Evergreen,MAEU3367271,2026-09-05,2026-10-07,2026-10-07,MEDIUM,"P80 of 33 shipments MYPKG→FC-RIC from DEPARTED_ORIGIN: 31.5 d (P50 27.9 d), milestone on 2026-09-05",DEPARTED_ORIGIN,2,2026-09-10 09:23:25.745312+00
495,495,CMA CGM,MAEU7872119,2026-08-13,2026-09-07,2026-09-11,HIGH,"P80 of 45 shipments CNSHA→FC-RIC from CUSTOMS_CLEARED: 5.0 d (P50 3.9 d), milestone on 2026-08-29",CUSTOMS_CLEARED,2,2026-09-10 09:23:25.759559+00
496,496,Maersk,MAEU7377634,2026-08-05,2026-09-01,2026-09-11,HIGH,"P80 of 49 shipments CNSHA→FC-PAT from CUSTOMS_CLEARED: 5.3 d (P50 4.1 d), milestone on 2026-08-22",CUSTOMS_CLEARED,2,2026-09-10 09:23:25.770869+00
497,497,CMA CGM,MAEU6584741,2026-09-20,2026-11-01,2026-11-01,LOW,No milestone received yet; using carrier plan 2026-11-01,BOOKED,1,2026-09-10 09:23:20.422381+00
498,498,Maersk,MAEU7449527,2026-08-18,2026-09-24,2026-09-27,MEDIUM,"P80 of 38 shipments MYPKG→FC-CAL from DEPARTED_ORIGIN: 39.1 d (P50 33.6 d), milestone on 2026-08-18",DEPARTED_ORIGIN,2,2026-09-10 09:23:25.794668+00
499,499,CMA CGM,MAEU4563713,2026-08-11,2026-09-07,2026-09-11,HIGH,"P80 of 49 shipments CNSHA→FC-PAT from CUSTOMS_CLEARED: 5.3 d (P50 4.1 d), milestone on 2026-08-31",CUSTOMS_CLEARED,2,2026-09-10 09:23:25.815476+00
500,500,Maersk,MAEU5239539,2026-08-15,2026-09-14,2026-09-17,HIGH,"P80 of 47 shipments CNSHA→FC-CAL from ARRIVED_DEST_PORT: 7.8 d (P50 6.2 d), milestone on 2026-09-09",ARRIVED_DEST_PORT,2,2026-09-10 09:23:25.833473+00
501,501,Maersk,MAEU2843965,2026-09-07,2026-10-09,2026-10-09,MEDIUM,"P80 of 33 shipments MYPKG→FC-RIC from DEPARTED_ORIGIN: 31.5 d (P50 27.9 d), milestone on 2026-09-07",DEPARTED_ORIGIN,2,2026-09-10 09:23:25.84947+00
502,502,CMA CGM,MAEU9791697,2026-08-20,2026-09-28,2026-09-30,MEDIUM,"P80 of 51 shipments CNSHA→FC-JAX from DEPARTED_ORIGIN: 40.1 d (P50 35.9 d), milestone on 2026-08-20",DEPARTED_ORIGIN,2,2026-09-10 09:23:25.860698+00
503,503,Evergreen,MAEU7194924,2026-09-07,2026-10-16,2026-10-18,MEDIUM,"P80 of 51 shipments CNSHA→FC-JAX from DEPARTED_ORIGIN: 40.1 d (P50 35.9 d), milestone on 2026-09-07",DEPARTED_ORIGIN,2,2026-09-10 09:23:25.881747+00
504,504,Evergreen,MAEU5691655,2026-08-31,2026-10-07,2026-10-10,MEDIUM,"P80 of 38 shipments MYPKG→FC-CAL from DEPARTED_ORIGIN: 39.1 d (P50 33.6 d), milestone on 2026-08-31",DEPARTED_ORIGIN,2,2026-09-10 09:23:25.902609+00
505,505,ONE,MAEU9111634,2026-08-31,2026-10-14,2026-10-15,MEDIUM,"P80 of 45 shipments MYPKG→FC-JAX from DEPARTED_ORIGIN: 44.0 d (P50 39.2 d), milestone on 2026-08-31",DEPARTED_ORIGIN,2,2026-09-10 09:23:25.918864+00
506,506,Evergreen,MAEU9546066,2026-08-18,2026-09-12,2026-09-10,HIGH,"P80 of 45 shipments CNSHA→FC-RIC from CUSTOMS_CLEARED: 5.0 d (P50 3.9 d), milestone on 2026-09-05",CUSTOMS_CLEARED,2,2026-09-10 09:23:25.930153+00
507,507,Maersk,MAEU5397265,2026-08-09,2026-09-17,2026-09-15,HIGH,"P80 of 51 shipments CNSHA→FC-JAX from CUSTOMS_CLEARED: 5.9 d (P50 5.0 d), milestone on 2026-09-09",CUSTOMS_CLEARED,2,2026-09-10 09:23:25.940247+00
508,508,Maersk,MAEU6997587,2026-08-30,2026-09-26,2026-09-26,MEDIUM,"P80 of 49 shipments CNSHA→FC-PAT from DEPARTED_ORIGIN: 26.1 d (P50 23.0 d), milestone on 2026-08-30",DEPARTED_ORIGIN,2,2026-09-10 09:23:25.963208+00
509,509,Maersk,MAEU7438890,2026-08-19,2026-09-22,2026-09-21,MEDIUM,"P80 of 34 shipments MYPKG→FC-PAT from DEPARTED_ORIGIN: 32.6 d (P50 29.0 d), milestone on 2026-08-19",DEPARTED_ORIGIN,2,2026-09-10 09:23:25.978616+00
510,510,Evergreen,MAEU2626000,2026-09-05,2026-09-30,2026-10-01,MEDIUM,"P80 of 45 shipments CNSHA→FC-RIC from DEPARTED_ORIGIN: 25.9 d (P50 22.2 d), milestone on 2026-09-05",DEPARTED_ORIGIN,2,2026-09-10 09:23:25.99814+00
511,511,CMA CGM,MAEU1852706,2026-08-23,2026-10-01,2026-10-03,MEDIUM,"P80 of 51 shipments CNSHA→FC-JAX from DEPARTED_ORIGIN: 40.1 d (P50 35.9 d), milestone on 2026-08-23",DEPARTED_ORIGIN,2,2026-09-10 09:23:26.012878+00
512,512,ONE,MAEU3447506,2026-09-01,2026-10-13,2026-10-14,MEDIUM,"P80 of 31 shipments VNSGN→FC-JAX from DEPARTED_ORIGIN: 42.9 d (P50 37.1 d), milestone on 2026-09-01",DEPARTED_ORIGIN,2,2026-09-10 09:23:26.02891+00
513,513,Evergreen,MAEU8083648,2026-09-10,2026-10-10,2026-10-09,MEDIUM,"P80 of 47 shipments CNSHA→FC-CAL from DEPARTED_ORIGIN: 28.0 d (P50 24.9 d), milestone on 2026-09-10",DEPARTED_ORIGIN,2,2026-09-10 09:23:26.04279+00
514,514,Evergreen,MAEU4224634,2026-08-28,2026-09-27,2026-09-26,MEDIUM,"P80 of 47 shipments CNSHA→FC-CAL from DEPARTED_ORIGIN: 28.0 d (P50 24.9 d), milestone on 2026-08-28",DEPARTED_ORIGIN,2,2026-09-10 09:23:26.053206+00
515,515,CMA CGM,MAEU4517254,2026-09-03,2026-10-15,2026-10-16,MEDIUM,"P80 of 31 shipments VNSGN→FC-JAX from DEPARTED_ORIGIN: 42.9 d (P50 37.1 d), milestone on 2026-09-03",DEPARTED_ORIGIN,2,2026-09-10 09:23:26.066809+00
516,516,CMA CGM,MAEU3539053,2026-08-30,2026-10-08,2026-10-10,MEDIUM,"P80 of 51 shipments CNSHA→FC-JAX from DEPARTED_ORIGIN: 40.1 d (P50 35.9 d), milestone on 2026-08-30",DEPARTED_ORIGIN,2,2026-09-10 09:23:26.083515+00
